Filename,Identifier,scientificName,CommonName,Comments
"Lobocleta_tenellata,I_PBA25000.jpg",I_PBA25000,Lobocleta tenellata,,
"moth_Notodontidae,I_PBA25001.jpg",I_PBA25001,moth Notodontidae,,
"Iridopsis_lurida--oberthuri--herse,I_PBA25002.jpg",I_PBA25002,Iridopsis lurida--oberthuri--herse,,
"Clemensia_leopardina,I_PBA25003.jpg",I_PBA25003,Clemensia leopardina,,
"Rhabdatomis_laudamia,I_PBA25004.jpg",I_PBA25004,Rhabdatomis laudamia,,
"Eupithecia_sp_group_san_luis,I_PBA25005.jpg",I_PBA25005,Eupithecia sp_group_san_luis,,
"Crambidia_myrlosea,I_PBA25006.jpg",I_PBA25006,Crambidia myrlosea,,
"Leptostales_crossii,I_PBA25007.jpg",I_PBA25007,Leptostales crossii,,
"Iridopsis_lurida--oberthuri--herse,I_PBA25008.jpg",I_PBA25008,Iridopsis lurida--oberthuri--herse,,
"moth,I_PBA25009.jpg",I_PBA25009,moth,,
"Meganola_sp_san_luis_b,I_PBA25010.jpg",I_PBA25010,Meganola sp_san_luis_b,,
"Rhabdatomis_laudamia,I_PBA25011.jpg",I_PBA25011,Rhabdatomis laudamia,,
"moth_Crambidae,I_PBA25012.jpg",I_PBA25012,moth Crambidae,,
"Rhabdatomis_laudamia,I_PBA25013.jpg",I_PBA25013,Rhabdatomis laudamia,,
"Nephodia_auxesia,I_PBA25014.jpg",I_PBA25014,Nephodia auxesia,,
"moth_Notodontidae,I_PBA25015.jpg",I_PBA25015,moth Notodontidae,,
"moth_Hemiceras,I_PBA25016.jpg",I_PBA25016,moth Hemiceras,,
"Nemoria_defectiva,I_PBA25017.jpg",I_PBA25017,Nemoria defectiva,,
"Nematocampa_arenosa,I_PBA25018.jpg",I_PBA25018,Nematocampa arenosa,,
"moth_Hemiceras,I_PBA25019.jpg",I_PBA25019,moth Hemiceras,,
"Iridopsis_lurida--oberthuri--herse,I_PBA25020.jpg",I_PBA25020,Iridopsis lurida--oberthuri--herse,,
"moth_Lascoria,I_PBA25021.jpg",I_PBA25021,moth Lascoria,,
"moth_Hemiceras,I_PBA25022.jpg",I_PBA25022,moth Hemiceras,,
"moth_Tortricidae,I_PBA25023.jpg",I_PBA25023,moth Tortricidae,,
"Patalene_aenetusaria,I_PBA25024.jpg",I_PBA25024,Patalene aenetusaria,,
"moth_Notodontidae,I_PBA25025.jpg",I_PBA25025,moth Notodontidae,,
"Clemensia_cincinnata,I_PBA25026.jpg",I_PBA25026,Clemensia cincinnata,,
"moth_Notodontidae,I_PBA25027.jpg",I_PBA25027,moth Notodontidae,,
"Nephodia_auxesia,I_PBA25028.jpg",I_PBA25028,Nephodia auxesia,,
"Brachurapteryx_tesserata,I_PBA25029.jpg",I_PBA25029,Brachurapteryx tesserata,,
"Crambidia_cephalica,_Yellow-headed_Lichen_Moth,I_PBA25030.jpg",I_PBA25030,Crambidia cephalica,Yellow-headed Lichen Moth,
"moth_Notodontidae,I_PBA25031.jpg",I_PBA25031,moth Notodontidae,,
"moth,I_PBA25032.jpg",I_PBA25032,moth,,
"Crambidia_cephalica,_Yellow-headed_Lichen_Moth,I_PBA25033.jpg",I_PBA25033,Crambidia cephalica,Yellow-headed Lichen Moth,
"moth_Geometridae,I_PBA25034.jpg",I_PBA25034,moth Geometridae,,
"moth_Noctuidae,I_PBA25035.jpg",I_PBA25035,moth Noctuidae,,
"Rhabdatomis_laudamia,I_PBA25036.jpg",I_PBA25036,Rhabdatomis laudamia,,
"moth_Notodontidae,I_PBA25037.jpg",I_PBA25037,moth Notodontidae,,
"Eupithecia_sp_group_san_luis,I_PBA25038.jpg",I_PBA25038,Eupithecia sp_group_san_luis,,
"moth_Notodontidae,I_PBA25039.jpg",I_PBA25039,moth Notodontidae,,
"Lobocleta_tenellata,I_PBA25040.jpg",I_PBA25040,Lobocleta tenellata,,
"Iridopsis_lurida--oberthuri--herse,I_PBA25041.jpg",I_PBA25041,Iridopsis lurida--oberthuri--herse,,
"Lobocleta_tenellata,I_PBA25042.jpg",I_PBA25042,Lobocleta tenellata,,
"moth,I_PBA25043.jpg",I_PBA25043,moth,,
"Glena_mopsaria,I_PBA25044.jpg",I_PBA25044,Glena mopsaria,,
"Iridopsis_validaria,I_PBA25045.jpg",I_PBA25045,Iridopsis validaria,,
"Leptostales_crossii,I_PBA25046.jpg",I_PBA25046,Leptostales crossii,,
"moth_Crambidae,I_PBA25047.jpg",I_PBA25047,moth Crambidae,,
"moth_Crambidae,I_PBA25048.jpg",I_PBA25048,moth Crambidae,,
"moth,I_PBA25049.jpg",I_PBA25049,moth,,
"Micrathetis_dasarada,I_PBA25050.jpg",I_PBA25050,Micrathetis dasarada,,
"moth,I_PBA25051.jpg",I_PBA25051,moth,,
"Macaria_sp_san_luis_a,I_PBA25052.jpg",I_PBA25052,Macaria sp_san_luis_a,,
"Idaea_sp_group_san_luis,I_PBA25053.jpg",I_PBA25053,Idaea sp_group_san_luis,,
"Cell_phone,I_PBA25054.jpg",I_PBA25054,Cell phone,,
"light,I_PBA25055.jpg",I_PBA25055,light,,
"moth_Megalopygidae_-_Limacodidae,I_PBA25056.jpg",I_PBA25056,moth Megalopygidae - Limacodidae,,
"Rhabdatomis_laudamia,I_PBA25057.jpg",I_PBA25057,Rhabdatomis laudamia,,
"Iridopsis_lurida--oberthuri--herse,I_PBA25058.jpg",I_PBA25058,Iridopsis lurida--oberthuri--herse,,
"Patalene_aenetusaria,I_PBA25059.jpg",I_PBA25059,Patalene aenetusaria,,
"moth_plume,I_PBA25060.jpg",I_PBA25060,moth plume,,
"Rhabdatomis_laudamia,I_PBA25061.jpg",I_PBA25061,Rhabdatomis laudamia,,
"Lophosis_labeculata,_Stained_Lophosis_Moth,I_PBA25062.jpg",I_PBA25062,Lophosis labeculata,Stained Lophosis Moth,
"moth_Hemiceras,I_PBA25063.jpg",I_PBA25063,moth Hemiceras,,
"Trygodes_amphion,I_PBA25064.jpg",I_PBA25064,Trygodes amphion,,
"Meganola_sp_san_luis_b,I_PBA25065.jpg",I_PBA25065,Meganola sp_san_luis_b,,
"moth_Pyralidae,I_PBA25066.jpg",I_PBA25066,moth Pyralidae,,
"moth,I_PBA25067.jpg",I_PBA25067,moth,,
"Crambidia_cephalica,_Yellow-headed_Lichen_Moth,I_PBA25068.jpg",I_PBA25068,Crambidia cephalica,Yellow-headed Lichen Moth,
"moth_Noctuidae,I_PBA25069.jpg",I_PBA25069,moth Noctuidae,,
"moth_emerald,I_PBA25070.jpg",I_PBA25070,moth emerald,,
"Lobocleta_tenellata,I_PBA25071.jpg",I_PBA25071,Lobocleta tenellata,,
"moth_Notodontidae,I_PBA25072.jpg",I_PBA25072,moth Notodontidae,,
"Crambidia_cephalica,_Yellow-headed_Lichen_Moth,I_PBA25073.jpg",I_PBA25073,Crambidia cephalica,Yellow-headed Lichen Moth,
"Afrida_ydatodes,_Dyars_Lichen_Moth,I_PBA25074.jpg",I_PBA25074,Afrida ydatodes,Dyars Lichen Moth,
"Meganola_bifiliferata,I_PBA25075.jpg",I_PBA25075,Meganola bifiliferata,,
"Clemensia_brunneomedia,I_PBA25076.jpg",I_PBA25076,Clemensia brunneomedia,,
"Clemensia_leopardina,I_PBA25077.jpg",I_PBA25077,Clemensia leopardina,,
"Patalene_aenetusaria,I_PBA25078.jpg",I_PBA25078,Patalene aenetusaria,,
"Crambidia_cephalica,_Yellow-headed_Lichen_Moth,I_PBA25079.jpg",I_PBA25079,Crambidia cephalica,Yellow-headed Lichen Moth,
"Eucereon_xanthoperas,I_PBA25080.jpg",I_PBA25080,Eucereon xanthoperas,,
"Idaea_sp_group_san_luis,I_PBA25081.jpg",I_PBA25081,Idaea sp_group_san_luis,,
"moth_emerald,I_PBA25082.jpg",I_PBA25082,moth emerald,,
"moth_Megalopygidae_-_Limacodidae,I_PBA25083.jpg",I_PBA25083,moth Megalopygidae - Limacodidae,,
"moth_Notodontidae,I_PBA25084.jpg",I_PBA25084,moth Notodontidae,,
"Eucereon_rosinum,I_PBA25085.jpg",I_PBA25085,Eucereon rosinum,,
"Rhabdatomis_laudamia,I_PBA25086.jpg",I_PBA25086,Rhabdatomis laudamia,,
"Pheia_elegans,I_PBA25087.jpg",I_PBA25087,Pheia elegans,,
"Nephodia_auxesia,I_PBA25088.jpg",I_PBA25088,Nephodia auxesia,,
"moth_Crambidae,I_PBA25089.jpg",I_PBA25089,moth Crambidae,,
"Rhabdatomis_laudamia,I_PBA25090.jpg",I_PBA25090,Rhabdatomis laudamia,,
"Crambidia_cephalica,_Yellow-headed_Lichen_Moth,I_PBA25091.jpg",I_PBA25091,Crambidia cephalica,Yellow-headed Lichen Moth,
"Rhabdatomis_laudamia,I_PBA25092.jpg",I_PBA25092,Rhabdatomis laudamia,,
"moth_Noctuidae,I_PBA25093.jpg",I_PBA25093,moth Noctuidae,,
"moth_Geometridae,I_PBA25094.jpg",I_PBA25094,moth Geometridae,,
"Iridopsis_lurida--oberthuri--herse,I_PBA25095.jpg",I_PBA25095,Iridopsis lurida--oberthuri--herse,,
"Idaea_subfervens,I_PBA25096.jpg",I_PBA25096,Idaea subfervens,,
"Hymenia_perspectalis,_Spotted_Beet_Webworm_Moth,I_PBA25097.jpg",I_PBA25097,Hymenia perspectalis,Spotted Beet Webworm Moth,
"Patalene_aenetusaria,I_PBA25098.jpg",I_PBA25098,Patalene aenetusaria,,
"moth_Notodontidae,I_PBA25099.jpg",I_PBA25099,moth Notodontidae,,
"insect,I_PBA25100.jpg",I_PBA25100,insect,,
"Gn_sp_san_luis_1013,I_PBA25102.jpg",I_PBA25102,Gn sp_san_luis_1013,,
"moth_Megalopygidae_-_Limacodidae,I_PBA25103.jpg",I_PBA25103,moth Megalopygidae - Limacodidae,,
"moth_Crambidae,I_PBA25104.jpg",I_PBA25104,moth Crambidae,,
"moth_Noctuidae,I_PBA25105.jpg",I_PBA25105,moth Noctuidae,,
"moth_Notodontidae,I_PBA25106.jpg",I_PBA25106,moth Notodontidae,,
"Metanema_bonadea,I_PBA25107.jpg",I_PBA25107,Metanema bonadea,,
"Crambidia_cephalica,_Yellow-headed_Lichen_Moth,I_PBA25108.jpg",I_PBA25108,Crambidia cephalica,Yellow-headed Lichen Moth,
"moth_Palthis,I_PBA25109.jpg",I_PBA25109,moth Palthis,,
"moth,I_PBA25110.jpg",I_PBA25110,moth,,
"moth_Notodontidae,I_PBA25111.jpg",I_PBA25111,moth Notodontidae,,
"Rhabdatomis_laudamia,I_PBA25112.jpg",I_PBA25112,Rhabdatomis laudamia,,
"moth_Noctuidae,I_PBA25113.jpg",I_PBA25113,moth Noctuidae,,
"moth_Crambidae,I_PBA25114.jpg",I_PBA25114,moth Crambidae,,
"Nematocampa_completa,I_PBA25115.jpg",I_PBA25115,Nematocampa completa,,
"Iridopsis_lurida--oberthuri--herse,I_PBA25116.jpg",I_PBA25116,Iridopsis lurida--oberthuri--herse,,
"Elaphria_subobliqua,I_PBA25117.jpg",I_PBA25117,Elaphria subobliqua,,
"moth_Notodontidae,I_PBA25118.jpg",I_PBA25118,moth Notodontidae,,
"Nemoria_vermiculata,I_PBA25119.jpg",I_PBA25119,Nemoria vermiculata,,
"moth_Geometridae,I_PBA25120.jpg",I_PBA25120,moth Geometridae,,
"Iridopsis_lurida--oberthuri--herse,I_PBA25121.jpg",I_PBA25121,Iridopsis lurida--oberthuri--herse,,
"Afrida_ydatodes,_Dyars_Lichen_Moth,I_PBA25122.jpg",I_PBA25122,Afrida ydatodes,Dyars Lichen Moth,
"Crambidia_cephalica,_Yellow-headed_Lichen_Moth,I_PBA25123.jpg",I_PBA25123,Crambidia cephalica,Yellow-headed Lichen Moth,
"moth_Crambidae,I_PBA25124.jpg",I_PBA25124,moth Crambidae,,
"moth_Notodontidae,I_PBA25125.jpg",I_PBA25125,moth Notodontidae,,
"Epimecis_matronaria--nasica,I_PBA25126.jpg",I_PBA25126,Epimecis matronaria--nasica,,
"moth_Hemiceras,I_PBA25127.jpg",I_PBA25127,moth Hemiceras,,
"Iridopsis_lurida--oberthuri--herse,I_PBA25128.jpg",I_PBA25128,Iridopsis lurida--oberthuri--herse,,
"Afrida_ydatodes,_Dyars_Lichen_Moth,I_PBA25129.jpg",I_PBA25129,Afrida ydatodes,Dyars Lichen Moth,
"moth_Noctuidae,I_PBA25130.jpg",I_PBA25130,moth Noctuidae,,
"Macaria_approximaria--gambarina--ostia,I_PBA25131.jpg",I_PBA25131,Macaria approximaria--gambarina--ostia,,
"moth_Crambidae,I_PBA25132.jpg",I_PBA25132,moth Crambidae,,
"moth_Noctuidae,I_PBA25133.jpg",I_PBA25133,moth Noctuidae,,
"Synnomos_sp_san_luis_a,I_PBA25134.jpg",I_PBA25134,Synnomos sp_san_luis_a,,
"moth_Geometridae,I_PBA25135.jpg",I_PBA25135,moth Geometridae,,
"Patalene_aenetusaria,I_PBA25136.jpg",I_PBA25136,Patalene aenetusaria,,
"Meganola_sp_san_luis_b,I_PBA25137.jpg",I_PBA25137,Meganola sp_san_luis_b,,
"moth,I_PBA25138.jpg",I_PBA25138,moth,,
"moth_Arctiidae,I_PBA25139.jpg",I_PBA25139,moth Arctiidae,,
"Nemoria_defectiva,I_PBA25140.jpg",I_PBA25140,Nemoria defectiva,,
"Euphyia_sp_group_san_luis,I_PBA25141.jpg",I_PBA25141,Euphyia sp_group_san_luis,,
"Lobocleta_tenellata,I_PBA25142.jpg",I_PBA25142,Lobocleta tenellata,,
"moth_Geometridae,I_PBA25143.jpg",I_PBA25143,moth Geometridae,,
"Eupithecia_sp_group_san_luis,I_PBA25144.jpg",I_PBA25144,Eupithecia sp_group_san_luis,,
"Bryolymnia_roma,I_PBA25145.jpg",I_PBA25145,Bryolymnia roma,,
"Iridopsis_lurida--oberthuri--herse,I_PBA25146.jpg",I_PBA25146,Iridopsis lurida--oberthuri--herse,,
"moth_Crambidae,I_PBA25147.jpg",I_PBA25147,moth Crambidae,,
"Hampsonodes_mastoides,I_PBA25148.jpg",I_PBA25148,Hampsonodes mastoides,,
"Trygodes_amphion,I_PBA25149.jpg",I_PBA25149,Trygodes amphion,,
"Microxydia_ruficomma,I_PBA25150.jpg",I_PBA25150,Microxydia ruficomma,,
"moth_Noctuidae,I_PBA25151.jpg",I_PBA25151,moth Noctuidae,,
"moth_Notodontidae,I_PBA25152.jpg",I_PBA25152,moth Notodontidae,,
"Hypercompe_nemophila,I_PBA25153.jpg",I_PBA25153,Hypercompe nemophila,,
"moth_Geometridae,I_PBA25154.jpg",I_PBA25154,moth Geometridae,,
"moth_Crambidae,I_PBA25155.jpg",I_PBA25155,moth Crambidae,,
"moth,I_PBA25156.jpg",I_PBA25156,moth,,
"moth_Noctuidae,I_PBA25157.jpg",I_PBA25157,moth Noctuidae,,
"moth,I_PBA25158.jpg",I_PBA25158,moth,,
"moth_Pyralidae,I_PBA25159.jpg",I_PBA25159,moth Pyralidae,,
"Synchlora_astraeoides,I_PBA25160.jpg",I_PBA25160,Synchlora astraeoides,,
"moth_Mocis,I_PBA25161.jpg",I_PBA25161,moth Mocis,,
"moth,I_PBA25162.jpg",I_PBA25162,moth,,
"moth,I_PBA25163.jpg",I_PBA25163,moth,,
"moth_Pyralidae,I_PBA25164.jpg",I_PBA25164,moth Pyralidae,,
"moth,I_PBA25165.jpg",I_PBA25165,moth,,
"moth_Crambidae,I_PBA25166.jpg",I_PBA25166,moth Crambidae,,
"moth_Noctuidae,I_PBA25167.jpg",I_PBA25167,moth Noctuidae,,
"Leptostales_crossii,I_PBA25168.jpg",I_PBA25168,Leptostales crossii,,
"moth,I_PBA25169.jpg",I_PBA25169,moth,,
"Rhabdatomis_laudamia,I_PBA25170.jpg",I_PBA25170,Rhabdatomis laudamia,,
"Hymenia_perspectalis,_Spotted_Beet_Webworm_Moth,I_PBA25171.jpg",I_PBA25171,Hymenia perspectalis,Spotted Beet Webworm Moth,
"moth,I_PBA25172.jpg",I_PBA25172,moth,,
"Nematocampa_completa,I_PBA25173.jpg",I_PBA25173,Nematocampa completa,,
"Nephodia_auxesia,I_PBA25174.jpg",I_PBA25174,Nephodia auxesia,,
"Iridopsis_validaria,I_PBA25175.jpg",I_PBA25175,Iridopsis validaria,,
"light,I_PBA25176.jpg",I_PBA25176,light,,
"Oospila_venezuelata,I_PBA25177.jpg",I_PBA25177,Oospila venezuelata,,
"moth_Geometridae,I_PBA25178.jpg",I_PBA25178,moth Geometridae,,
"Idalus_perlineosa,I_PBA25179.jpg",I_PBA25179,Idalus perlineosa,,
"moth_Pyralidae,I_PBA25180.jpg",I_PBA25180,moth Pyralidae,,
"Glena_mopsaria,I_PBA25181.jpg",I_PBA25181,Glena mopsaria,,
"Dycladia_emerita,I_PBA25182.jpg",I_PBA25182,Dycladia emerita,,
"moth,I_PBA25183.jpg",I_PBA25183,moth,,
"Metanema_bonadea,I_PBA25184.jpg",I_PBA25184,Metanema bonadea,,
"moth,I_PBA25185.jpg",I_PBA25185,moth,,
"Clemensia_leopardina,I_PBA25186.jpg",I_PBA25186,Clemensia leopardina,,
"moth,I_PBA25187.jpg",I_PBA25187,moth,,
"moth_Noctuidae,I_PBA25188.jpg",I_PBA25188,moth Noctuidae,,
"moth,I_PBA25189.jpg",I_PBA25189,moth,,
"Crambidia_cephalica,_Yellow-headed_Lichen_Moth,I_PBA25190.jpg",I_PBA25190,Crambidia cephalica,Yellow-headed Lichen Moth,
"moth_Crambidae,I_PBA25191.jpg",I_PBA25191,moth Crambidae,,
"Iridopsis_lurida--oberthuri--herse,I_PBA25192.jpg",I_PBA25192,Iridopsis lurida--oberthuri--herse,,
"Crambidia_myrlosea,I_PBA25193.jpg",I_PBA25193,Crambidia myrlosea,,
"moth_Noctuidae,I_PBA25194.jpg",I_PBA25194,moth Noctuidae,,
"Crambidia_cephalica,_Yellow-headed_Lichen_Moth,I_PBA25195.jpg",I_PBA25195,Crambidia cephalica,Yellow-headed Lichen Moth,
"moth_Crambidae,I_PBA25196.jpg",I_PBA25196,moth Crambidae,,
"moth_Noctuidae,I_PBA25197.jpg",I_PBA25197,moth Noctuidae,,
"moth_Crambidae,I_PBA25199.jpg",I_PBA25199,moth Crambidae,,
"Lobocleta_tenellata,I_PBA25200.jpg",I_PBA25200,Lobocleta tenellata,,
"moth,I_PBA25201.jpg",I_PBA25201,moth,,
"Crambidia_cephalica,_Yellow-headed_Lichen_Moth,I_PBA25202.jpg",I_PBA25202,Crambidia cephalica,Yellow-headed Lichen Moth,
"Cell_phone,I_PBA25203.jpg",I_PBA25203,Cell phone,,
"light,I_PBA25204.jpg",I_PBA25204,light,,
"moth_Notodontidae,I_PBA25205.jpg",I_PBA25205,moth Notodontidae,,
"moth_new_species,I_PBA25206.jpg",I_PBA25206,moth new species,,
"moth,I_PBA25207.jpg",I_PBA25207,moth,,
"Crambidia_cephalica,_Yellow-headed_Lichen_Moth,I_PBA25208.jpg",I_PBA25208,Crambidia cephalica,Yellow-headed Lichen Moth,
"Melese_monima,I_PBA25209.jpg",I_PBA25209,Melese monima,,
"moth_Pyralidae,I_PBA25210.jpg",I_PBA25210,moth Pyralidae,,
"Dycladia_emerita,I_PBA25211.jpg",I_PBA25211,Dycladia emerita,,
"moth_Geometridae,I_PBA25212.jpg",I_PBA25212,moth Geometridae,,
"Rhabdatomis_laudamia,I_PBA25213.jpg",I_PBA25213,Rhabdatomis laudamia,,
"moth,I_PBA25214.jpg",I_PBA25214,moth,,
"Clemensia_brunneomedia,I_PBA25215.jpg",I_PBA25215,Clemensia brunneomedia,,
"moth,I_PBA25216.jpg",I_PBA25216,moth,,
"moth_Geometridae,I_PBA25217.jpg",I_PBA25217,moth Geometridae,,
"Meganola_sp_san_luis_b,I_PBA25218.jpg",I_PBA25218,Meganola sp_san_luis_b,,
"moth_Pyralidae,I_PBA25219.jpg",I_PBA25219,moth Pyralidae,,
"moth_Geometridae,I_PBA25220.jpg",I_PBA25220,moth Geometridae,,
"Eubaphe_unicolor,I_PBA25221.jpg",I_PBA25221,Eubaphe unicolor,,
"Crambidia_cephalica,_Yellow-headed_Lichen_Moth,I_PBA25222.jpg",I_PBA25222,Crambidia cephalica,Yellow-headed Lichen Moth,
"moth,I_PBA25223.jpg",I_PBA25223,moth,,
"Rhabdatomis_laudamia,I_PBA25224.jpg",I_PBA25224,Rhabdatomis laudamia,,
"moth,I_PBA25225.jpg",I_PBA25225,moth,,
"Eubaphe_unicolor,I_PBA25226.jpg",I_PBA25226,Eubaphe unicolor,,
"moth_Notodontidae,I_PBA25227.jpg",I_PBA25227,moth Notodontidae,,
"moth,I_PBA25228.jpg",I_PBA25228,moth,,
"Eupithecia_sp_group_san_luis,I_PBA25229.jpg",I_PBA25229,Eupithecia sp_group_san_luis,,
"Melese_laodamia,I_PBA25230.jpg",I_PBA25230,Melese laodamia,,
"moth_Crambidae,I_PBA25231.jpg",I_PBA25231,moth Crambidae,,
"insect,I_PBA25232.jpg",I_PBA25232,insect,,
"moth_Notodontidae,I_PBA25233.jpg",I_PBA25233,moth Notodontidae,,
"moth_Geometridae,I_PBA25234.jpg",I_PBA25234,moth Geometridae,,
"moth,I_PBA25235.jpg",I_PBA25235,moth,,
"moth_new_species,I_PBA25236.jpg",I_PBA25236,moth new species,,
"moth,I_PBA25237.jpg",I_PBA25237,moth,,
"moth,I_PBA25238.jpg",I_PBA25238,moth,,
"Leptostales_crossii,I_PBA25239.jpg",I_PBA25239,Leptostales crossii,,
"moth_Geometridae,I_PBA25240.jpg",I_PBA25240,moth Geometridae,,
"moth_Noctuidae,I_PBA25241.jpg",I_PBA25241,moth Noctuidae,,
"Cell_phone,I_PBA25242.jpg",I_PBA25242,Cell phone,,
"light,I_PBA25243.jpg",I_PBA25243,light,,
"Nephodia_betala,I_PBA25244.jpg",I_PBA25244,Nephodia betala,,
"moth,I_PBA25245.jpg",I_PBA25245,moth,,
"moth_Sphingidae,I_PBA25246.jpg",I_PBA25246,moth Sphingidae,,
"moth_Crambidae,I_PBA25247.jpg",I_PBA25247,moth Crambidae,,
"Elaphria_hyposcota,I_PBA25248.jpg",I_PBA25248,Elaphria hyposcota,,
"Iridopsis_validaria,I_PBA25249.jpg",I_PBA25249,Iridopsis validaria,,
"Crambidia_cephalica,_Yellow-headed_Lichen_Moth,I_PBA25250.jpg",I_PBA25250,Crambidia cephalica,Yellow-headed Lichen Moth,
"Thysanopyga_carfinia,I_PBA25251.jpg",I_PBA25251,Thysanopyga carfinia,,
"Scena_potentia,I_PBA25252.jpg",I_PBA25252,Scena potentia,,
"Crambidia_cephalica,_Yellow-headed_Lichen_Moth,I_PBA25253.jpg",I_PBA25253,Crambidia cephalica,Yellow-headed Lichen Moth,
"moth_Noctuidae,I_PBA25254.jpg",I_PBA25254,moth Noctuidae,,
"Nephodia_auxesia,I_PBA25255.jpg",I_PBA25255,Nephodia auxesia,,
"Iridopsis_lurida--oberthuri--herse,I_PBA25256.jpg",I_PBA25256,Iridopsis lurida--oberthuri--herse,,
"moth_Pyralidae,I_PBA25257.jpg",I_PBA25257,moth Pyralidae,,
"moth,I_PBA25258.jpg",I_PBA25258,moth,,
"Aclytia_heber,I_PBA25259.jpg",I_PBA25259,Aclytia heber,,
"Feltia_subterranea,_maybe,I_PBA25260.jpg",I_PBA25260,Feltia subterranea,maybe,
"moth_Notodontidae,I_PBA25261.jpg",I_PBA25261,moth Notodontidae,,
"moth,I_PBA25262.jpg",I_PBA25262,moth,,
"moth,I_PBA25263.jpg",I_PBA25263,moth,,
"Gonodes_liquida,I_PBA25264.jpg",I_PBA25264,Gonodes liquida,,
"moth,I_PBA25265.jpg",I_PBA25265,moth,,
"moth_Noctuidae,I_PBA25266.jpg",I_PBA25266,moth Noctuidae,,
"Clemensia_leopardina,I_PBA25267.jpg",I_PBA25267,Clemensia leopardina,,
"moth_Hemiceras,I_PBA25268.jpg",I_PBA25268,moth Hemiceras,,
"Crambidia_cephalica,_Yellow-headed_Lichen_Moth,I_PBA25269.jpg",I_PBA25269,Crambidia cephalica,Yellow-headed Lichen Moth,
"moth,I_PBA25270.jpg",I_PBA25270,moth,,
"moth,I_PBA25271.jpg",I_PBA25271,moth,,
"Crambidia_myrlosea,I_PBA25272.jpg",I_PBA25272,Crambidia myrlosea,,
"moth,I_PBA25273.jpg",I_PBA25273,moth,,
"Afrida_ydatodes,_Dyars_Lichen_Moth,I_PBA25274.jpg",I_PBA25274,Afrida ydatodes,Dyars Lichen Moth,
"moth_Crambidae,I_PBA25275.jpg",I_PBA25275,moth Crambidae,,
"moth_Geometridae,I_PBA25276.jpg",I_PBA25276,moth Geometridae,,
"moth,I_PBA25277.jpg",I_PBA25277,moth,,
"Cell_phone,I_PBA25278.jpg",I_PBA25278,Cell phone,,
"light,I_PBA25279.jpg",I_PBA25279,light,,
"moth_Geometridae,I_PBA25280.jpg",I_PBA25280,moth Geometridae,,
"moth_Crambidae,I_PBA25281.jpg",I_PBA25281,moth Crambidae,,
"Glena_mopsaria,I_PBA25282.jpg",I_PBA25282,Glena mopsaria,,
"Hypercompe_nemophila,I_PBA25283.jpg",I_PBA25283,Hypercompe nemophila,,
"moth_Notodontidae,I_PBA25284.jpg",I_PBA25284,moth Notodontidae,,
"moth_Megalopygidae_-_Limacodidae,I_PBA25285.jpg",I_PBA25285,moth Megalopygidae - Limacodidae,,
"moth_emerald,I_PBA25286.jpg",I_PBA25286,moth emerald,,
"Leptostales_crossii,I_PBA25287.jpg",I_PBA25287,Leptostales crossii,,
"Nephodia_auxesia,I_PBA25288.jpg",I_PBA25288,Nephodia auxesia,,
"moth_Notodontidae,I_PBA25289.jpg",I_PBA25289,moth Notodontidae,,
"Eois_sp_san_luis_s,I_PBA25290.jpg",I_PBA25290,Eois sp_san_luis_s,,
"moth,I_PBA25291.jpg",I_PBA25291,moth,,
"moth_Hemiceras,I_PBA25292.jpg",I_PBA25292,moth Hemiceras,,
"Neotherina_imperilla,I_PBA25293.jpg",I_PBA25293,Neotherina imperilla,,
"moth_Megalopygidae_-_Limacodidae,I_PBA25294.jpg",I_PBA25294,moth Megalopygidae - Limacodidae,,
"moth,I_PBA25295.jpg",I_PBA25295,moth,,
"Crambidia_cephalica,_Yellow-headed_Lichen_Moth,I_PBA25296.jpg",I_PBA25296,Crambidia cephalica,Yellow-headed Lichen Moth,
"Gn_sp_san_luis_1011,I_PBA25297.jpg",I_PBA25297,Gn sp_san_luis_1011,,
"Nemoria_vermiculata,I_PBA25298.jpg",I_PBA25298,Nemoria vermiculata,,
"Clemensia_leopardina,I_PBA25299.jpg",I_PBA25299,Clemensia leopardina,,
"Iridopsis_lurida--oberthuri--herse,I_PBA25300.jpg",I_PBA25300,Iridopsis lurida--oberthuri--herse,,
"Oospila_venezuelata,I_PBA25301.jpg",I_PBA25301,Oospila venezuelata,,
"Iridopsis_lurida--oberthuri--herse,I_PBA25302.jpg",I_PBA25302,Iridopsis lurida--oberthuri--herse,,
"Leptostales_crossii,I_PBA25303.jpg",I_PBA25303,Leptostales crossii,,
"Euphyia_sp_group_san_luis,I_PBA25304.jpg",I_PBA25304,Euphyia sp_group_san_luis,,
"moth_Notodontidae,I_PBA25305.jpg",I_PBA25305,moth Notodontidae,,
"moth_Noctuidae,I_PBA25306.jpg",I_PBA25306,moth Noctuidae,,
"Oospila_venezuelata,I_PBA25307.jpg",I_PBA25307,Oospila venezuelata,,
"moth_Noctuidae,I_PBA25308.jpg",I_PBA25308,moth Noctuidae,,
"Nematocampa_completa,I_PBA25309.jpg",I_PBA25309,Nematocampa completa,,
"Lobocleta_tenellata,I_PBA25310.jpg",I_PBA25310,Lobocleta tenellata,,
"Lomographa_argentata,I_PBA25311.jpg",I_PBA25311,Lomographa argentata,,
"Lobocleta_tenellata,I_PBA25312.jpg",I_PBA25312,Lobocleta tenellata,,
"Euphyia_sp_group_san_luis,I_PBA25313.jpg",I_PBA25313,Euphyia sp_group_san_luis,,
"moth_Hemiceras,I_PBA25314.jpg",I_PBA25314,moth Hemiceras,,
"moth_Pyralidae,I_PBA25315.jpg",I_PBA25315,moth Pyralidae,,
"moth_Hemiceras,I_PBA25316.jpg",I_PBA25316,moth Hemiceras,,
"moth_Notodontidae,I_PBA25317.jpg",I_PBA25317,moth Notodontidae,,
"Idaea_sp_group_san_luis,I_PBA25318.jpg",I_PBA25318,Idaea sp_group_san_luis,,
"moth_Crambidae,I_PBA25319.jpg",I_PBA25319,moth Crambidae,,
"Nephodia_auxesia,I_PBA25320.jpg",I_PBA25320,Nephodia auxesia,,
"Gn_sp_san_luis_1005,I_PBA25321.jpg",I_PBA25321,Gn sp_san_luis_1005,,
"moth_emerald,I_PBA25322.jpg",I_PBA25322,moth emerald,,
"moth,I_PBA25323.jpg",I_PBA25323,moth,,
"Hymenia_perspectalis,_Spotted_Beet_Webworm_Moth,I_PBA25324.jpg",I_PBA25324,Hymenia perspectalis,Spotted Beet Webworm Moth,
"Nemoria_defectiva,I_PBA25325.jpg",I_PBA25325,Nemoria defectiva,,
"Hampsonodes_mastoides,I_PBA25326.jpg",I_PBA25326,Hampsonodes mastoides,,
"Simopteryx_torquataria,I_PBA25327.jpg",I_PBA25327,Simopteryx torquataria,,
"Glena_mopsaria,I_PBA25328.jpg",I_PBA25328,Glena mopsaria,,
"moth,I_PBA25329.jpg",I_PBA25329,moth,,
"moth_Geometridae,I_PBA25330.jpg",I_PBA25330,moth Geometridae,,
"moth_emerald,I_PBA25331.jpg",I_PBA25331,moth emerald,,
"moth_Crambidae,I_PBA25332.jpg",I_PBA25332,moth Crambidae,,
"moth,I_PBA25333.jpg",I_PBA25333,moth,,
"Lophosis_labeculata,_Stained_Lophosis_Moth,I_PBA25334.jpg",I_PBA25334,Lophosis labeculata,Stained Lophosis Moth,
"Clemensia_leopardina,I_PBA25335.jpg",I_PBA25335,Clemensia leopardina,,
"Lobocleta_tenellata,I_PBA25336.jpg",I_PBA25336,Lobocleta tenellata,,
"moth_Hemiceras,I_PBA25337.jpg",I_PBA25337,moth Hemiceras,,
"Lophosis_labeculata,_Stained_Lophosis_Moth,I_PBA25338.jpg",I_PBA25338,Lophosis labeculata,Stained Lophosis Moth,
"moth_Notodontidae,I_PBA25339.jpg",I_PBA25339,moth Notodontidae,,
"moth,I_PBA25340.jpg",I_PBA25340,moth,,
"Lobocleta_tenellata,I_PBA25341.jpg",I_PBA25341,Lobocleta tenellata,,
"Eucereon_xanthoperas,I_PBA25342.jpg",I_PBA25342,Eucereon xanthoperas,,
"moth_Notodontidae,I_PBA25343.jpg",I_PBA25343,moth Notodontidae,,
"moth_Geometridae,I_PBA25344.jpg",I_PBA25344,moth Geometridae,,
"Nematocampa_completa,I_PBA25345.jpg",I_PBA25345,Nematocampa completa,,
"Leptostales_crossii,I_PBA25346.jpg",I_PBA25346,Leptostales crossii,,
"Lobocleta_tenellata,I_PBA25347.jpg",I_PBA25347,Lobocleta tenellata,,
"Oospila_venezuelata,I_PBA25348.jpg",I_PBA25348,Oospila venezuelata,,
"Nephodia_auxesia,I_PBA25349.jpg",I_PBA25349,Nephodia auxesia,,
"moth_Crambidae,I_PBA25350.jpg",I_PBA25350,moth Crambidae,,
"moth_Notodontidae,I_PBA25351.jpg",I_PBA25351,moth Notodontidae,,
"Macaria_approximaria--gambarina--ostia,I_PBA25352.jpg",I_PBA25352,Macaria approximaria--gambarina--ostia,,
"light,I_PBA25353.jpg",I_PBA25353,light,,
"moth_Pyralidae,I_PBA25354.jpg",I_PBA25354,moth Pyralidae,,
"Crambidia_cephalica,_Yellow-headed_Lichen_Moth,I_PBA25355.jpg",I_PBA25355,Crambidia cephalica,Yellow-headed Lichen Moth,
"moth_new_species,I_PBA25356.jpg",I_PBA25356,moth new species,,
"moth_Geometridae,I_PBA25357.jpg",I_PBA25357,moth Geometridae,,
"moth_Geometridae,I_PBA25358.jpg",I_PBA25358,moth Geometridae,,
"Iridopsis_lurida--oberthuri--herse,I_PBA25359.jpg",I_PBA25359,Iridopsis lurida--oberthuri--herse,,
"moth_Notodontidae,I_PBA25360.jpg",I_PBA25360,moth Notodontidae,,
"Iridopsis_lurida--oberthuri--herse,I_PBA25361.jpg",I_PBA25361,Iridopsis lurida--oberthuri--herse,,
"Hypercompe_nemophila,I_PBA25362.jpg",I_PBA25362,Hypercompe nemophila,,
"moth,I_PBA25363.jpg",I_PBA25363,moth,,
"Clemensia_leopardina,I_PBA25364.jpg",I_PBA25364,Clemensia leopardina,,
"Meganola_sp_san_luis_b,I_PBA25365.jpg",I_PBA25365,Meganola sp_san_luis_b,,
"moth,I_PBA25366.jpg",I_PBA25366,moth,,
"moth_new_species,_moth_Estigmene,I_PBA25367.jpg",I_PBA25367,moth new species,moth Estigmene,
"moth_new_species,_moth_Estigmene,I_PBA25368.jpg",I_PBA25368,moth new species,moth Estigmene,
"Dycladia_emerita,I_PBA25369.jpg",I_PBA25369,Dycladia emerita,,
"moth,I_PBA25370.jpg",I_PBA25370,moth,,
"moth_Saturniidae,I_PBA25371.jpg",I_PBA25371,moth Saturniidae,,
"moth_Saturniidae,I_PBA25372.jpg",I_PBA25372,moth Saturniidae,,
"Crambidia_cephalica,_Yellow-headed_Lichen_Moth,I_PBA25373.jpg",I_PBA25373,Crambidia cephalica,Yellow-headed Lichen Moth,
"moth,I_PBA25374.jpg",I_PBA25374,moth,,
"moth,I_PBA25375.jpg",I_PBA25375,moth,,
"Hypercompe_nemophila,I_PBA25376.jpg",I_PBA25376,Hypercompe nemophila,,
"Aclytia_heber,I_PBA25377.jpg",I_PBA25377,Aclytia heber,,
"moth,I_PBA25378.jpg",I_PBA25378,moth,,
"Iridopsis_lurida--oberthuri--herse,I_PBA25379.jpg",I_PBA25379,Iridopsis lurida--oberthuri--herse,,
"moth_Saturniidae,I_PBA25380.jpg",I_PBA25380,moth Saturniidae,,
"moth_Noctuidae,I_PBA25381.jpg",I_PBA25381,moth Noctuidae,,
"moth,I_PBA25382.jpg",I_PBA25382,moth,,
"insect,I_PBA25383.jpg",I_PBA25383,insect,,
"moth,I_PBA25384.jpg",I_PBA25384,moth,,
"moth,I_PBA25385.jpg",I_PBA25385,moth,,
"Cell_phone,I_PBA25386.jpg",I_PBA25386,Cell phone,,
"light,I_PBA25387.jpg",I_PBA25387,light,,
"Iridopsis_lurida--oberthuri--herse,I_PBA25388.jpg",I_PBA25388,Iridopsis lurida--oberthuri--herse,,
"Synchlora_gerularia,I_PBA25389.jpg",I_PBA25389,Synchlora gerularia,,
"moth,I_PBA25390.jpg",I_PBA25390,moth,,
"moth,I_PBA25391.jpg",I_PBA25391,moth,,
"Trygodes_amphion,I_PBA25392.jpg",I_PBA25392,Trygodes amphion,,
"moth,I_PBA25393.jpg",I_PBA25393,moth,,
"Rhabdatomis_laudamia,I_PBA25394.jpg",I_PBA25394,Rhabdatomis laudamia,,
"moth_Notodontidae,I_PBA25395.jpg",I_PBA25395,moth Notodontidae,,
"Iridopsis_lurida--oberthuri--herse,I_PBA25396.jpg",I_PBA25396,Iridopsis lurida--oberthuri--herse,,
"Synchlora_dependens,I_PBA25397.jpg",I_PBA25397,Synchlora dependens,,
"Glena_mopsaria,I_PBA25398.jpg",I_PBA25398,Glena mopsaria,,
"moth_Pyralidae,I_PBA25399.jpg",I_PBA25399,moth Pyralidae,,
"Macaria_sp_san_luis_a,I_PBA25400.jpg",I_PBA25400,Macaria sp_san_luis_a,,
"Lomographa_argentata,I_PBA25401.jpg",I_PBA25401,Lomographa argentata,,
"moth,I_PBA25402.jpg",I_PBA25402,moth,,
"Meganola_sp_san_luis_b,I_PBA25403.jpg",I_PBA25403,Meganola sp_san_luis_b,,
"moth,I_PBA25404.jpg",I_PBA25404,moth,,
"Rhabdatomis_laudamia,I_PBA25405.jpg",I_PBA25405,Rhabdatomis laudamia,,
"moth_Pyralidae,I_PBA25406.jpg",I_PBA25406,moth Pyralidae,,
"moth,I_PBA25407.jpg",I_PBA25407,moth,,
"moth,I_PBA25408.jpg",I_PBA25408,moth,,
"moth_Megalopygidae_-_Limacodidae,I_PBA25409.jpg",I_PBA25409,moth Megalopygidae - Limacodidae,,
"moth,I_PBA25410.jpg",I_PBA25410,moth,,
"moth,I_PBA25411.jpg",I_PBA25411,moth,,
"Eois_sp_san_luis_b,I_PBA25412.jpg",I_PBA25412,Eois sp_san_luis_b,,
"moth,I_PBA25413.jpg",I_PBA25413,moth,,
"Macaria_approximaria--gambarina--ostia,I_PBA25414.jpg",I_PBA25414,Macaria approximaria--gambarina--ostia,,
"moth_Geometridae,I_PBA25415.jpg",I_PBA25415,moth Geometridae,,
"moth_Crambidae,I_PBA25416.jpg",I_PBA25416,moth Crambidae,,
"moth_Palthis,I_PBA25417.jpg",I_PBA25417,moth Palthis,,
"moth_Crambidae,I_PBA25418.jpg",I_PBA25418,moth Crambidae,,
"Patalene_aenetusaria,I_PBA25419.jpg",I_PBA25419,Patalene aenetusaria,,
"moth_Pyralidae,I_PBA25420.jpg",I_PBA25420,moth Pyralidae,,
"Rhabdatomis_laudamia,I_PBA25421.jpg",I_PBA25421,Rhabdatomis laudamia,,
"Clemensia_brunneomedia,I_PBA25422.jpg",I_PBA25422,Clemensia brunneomedia,,
"Clemensia_sp_san_luis_a,I_PBA25423.jpg",I_PBA25423,Clemensia sp_san_luis_a,,
"Rhabdatomis_laudamia,I_PBA25424.jpg",I_PBA25424,Rhabdatomis laudamia,,
"moth_Pyralidae,I_PBA25425.jpg",I_PBA25425,moth Pyralidae,,
"Nephodia_auxesia,I_PBA25426.jpg",I_PBA25426,Nephodia auxesia,,
"Leptostales_crossii,I_PBA25427.jpg",I_PBA25427,Leptostales crossii,,
"Crambidia_cephalica,_Yellow-headed_Lichen_Moth,I_PBA25428.jpg",I_PBA25428,Crambidia cephalica,Yellow-headed Lichen Moth,
"Brachurapteryx_tesserata,I_PBA25429.jpg",I_PBA25429,Brachurapteryx tesserata,,
"moth_Geometridae,I_PBA25430.jpg",I_PBA25430,moth Geometridae,,
"Macaria_approximaria--gambarina--ostia,I_PBA25431.jpg",I_PBA25431,Macaria approximaria--gambarina--ostia,,
"Patalene_aenetusaria,I_PBA25432.jpg",I_PBA25432,Patalene aenetusaria,,
"moth_Geometridae,I_PBA25433.jpg",I_PBA25433,moth Geometridae,,
"Melese_laodamia,I_PBA25434.jpg",I_PBA25434,Melese laodamia,,
"moth_Noctuidae,I_PBA25435.jpg",I_PBA25435,moth Noctuidae,,
"Nephodia_auxesia,I_PBA25436.jpg",I_PBA25436,Nephodia auxesia,,
"moth_Pyralidae,I_PBA25437.jpg",I_PBA25437,moth Pyralidae,,
"Trygodes_amphion,I_PBA25438.jpg",I_PBA25438,Trygodes amphion,,
"Lobocleta_tenellata,I_PBA25439.jpg",I_PBA25439,Lobocleta tenellata,,
"moth_Noctuidae,I_PBA25440.jpg",I_PBA25440,moth Noctuidae,,
"Simena_luctifera,I_PBA25441.jpg",I_PBA25441,Simena luctifera,,
"Iridopsis_validaria,I_PBA25442.jpg",I_PBA25442,Iridopsis validaria,,
"Hymenia_perspectalis,_Spotted_Beet_Webworm_Moth,I_PBA25443.jpg",I_PBA25443,Hymenia perspectalis,Spotted Beet Webworm Moth,
"moth_Hemiceras,I_PBA25444.jpg",I_PBA25444,moth Hemiceras,,
"Micrathetis_dasarada,I_PBA25445.jpg",I_PBA25445,Micrathetis dasarada,,
"Eois_sp_san_luis_b,I_PBA25446.jpg",I_PBA25446,Eois sp_san_luis_b,,
"Epimecis_semicompleta,I_PBA25447.jpg",I_PBA25447,Epimecis semicompleta,,
"Nematocampa_completa,I_PBA25448.jpg",I_PBA25448,Nematocampa completa,,
"Gn_sp_san_luis_1011,I_PBA25449.jpg",I_PBA25449,Gn sp_san_luis_1011,,
"Nematocampa_completa,I_PBA25450.jpg",I_PBA25450,Nematocampa completa,,
"Afrida_ydatodes,_Dyars_Lichen_Moth,I_PBA25451.jpg",I_PBA25451,Afrida ydatodes,Dyars Lichen Moth,
"moth,I_PBA25452.jpg",I_PBA25452,moth,,
"Eois_sp_san_luis_b,I_PBA25453.jpg",I_PBA25453,Eois sp_san_luis_b,,
"Hymenia_perspectalis,_Spotted_Beet_Webworm_Moth,I_PBA25454.jpg",I_PBA25454,Hymenia perspectalis,Spotted Beet Webworm Moth,
"moth_Hemiceras,I_PBA25455.jpg",I_PBA25455,moth Hemiceras,,
"Nephodia_auxesia,I_PBA25456.jpg",I_PBA25456,Nephodia auxesia,,
"moth_Pyralidae,I_PBA25457.jpg",I_PBA25457,moth Pyralidae,,
"Antiblemma_pira,I_PBA25458.jpg",I_PBA25458,Antiblemma pira,,
"moth_Notodontidae,I_PBA25459.jpg",I_PBA25459,moth Notodontidae,,
"Nephodia_auxesia,I_PBA25460.jpg",I_PBA25460,Nephodia auxesia,,
"moth_Noctuidae,I_PBA25461.jpg",I_PBA25461,moth Noctuidae,,
"moth_Notodontidae,I_PBA25462.jpg",I_PBA25462,moth Notodontidae,,
"Nemoria_vermiculata,I_PBA25463.jpg",I_PBA25463,Nemoria vermiculata,,
"moth_Notodontidae,I_PBA25464.jpg",I_PBA25464,moth Notodontidae,,
"Iridopsis_lurida--oberthuri--herse,I_PBA25465.jpg",I_PBA25465,Iridopsis lurida--oberthuri--herse,,
"moth_Lascoria,I_PBA25466.jpg",I_PBA25466,moth Lascoria,,
"Metanema_bonadea,I_PBA25467.jpg",I_PBA25467,Metanema bonadea,,
"Nematocampa_completa,I_PBA25468.jpg",I_PBA25468,Nematocampa completa,,
"Synnomos_sp_san_luis_a,I_PBA25469.jpg",I_PBA25469,Synnomos sp_san_luis_a,,
"moth_Noctuidae,I_PBA25470.jpg",I_PBA25470,moth Noctuidae,,
"Elaphria_subobliqua,I_PBA25471.jpg",I_PBA25471,Elaphria subobliqua,,
"Eois_sp_san_luis_s,I_PBA25472.jpg",I_PBA25472,Eois sp_san_luis_s,,
"Hymenia_perspectalis,_Spotted_Beet_Webworm_Moth,I_PBA25473.jpg",I_PBA25473,Hymenia perspectalis,Spotted Beet Webworm Moth,
"Nematocampa_completa,I_PBA25474.jpg",I_PBA25474,Nematocampa completa,,
"Afrida_ydatodes,_Dyars_Lichen_Moth,I_PBA25475.jpg",I_PBA25475,Afrida ydatodes,Dyars Lichen Moth,
"Meganola_sp_san_luis_b,I_PBA25476.jpg",I_PBA25476,Meganola sp_san_luis_b,,
"Nephodia_auxesia,I_PBA25477.jpg",I_PBA25477,Nephodia auxesia,,
"Lophosis_labeculata,_Stained_Lophosis_Moth,I_PBA25478.jpg",I_PBA25478,Lophosis labeculata,Stained Lophosis Moth,
"moth_Arctiidae,I_PBA25479.jpg",I_PBA25479,moth Arctiidae,,
"moth_Crambidae,I_PBA25480.jpg",I_PBA25480,moth Crambidae,,
"Glena_mopsaria,I_PBA25481.jpg",I_PBA25481,Glena mopsaria,,
"Nematocampa_completa,I_PBA25482.jpg",I_PBA25482,Nematocampa completa,,
"Metanema_bonadea,I_PBA25483.jpg",I_PBA25483,Metanema bonadea,,
"Lobocleta_tenellata,I_PBA25484.jpg",I_PBA25484,Lobocleta tenellata,,
"Epimecis_semicompleta,I_PBA25485.jpg",I_PBA25485,Epimecis semicompleta,,
"Nemoria_defectiva,I_PBA25486.jpg",I_PBA25486,Nemoria defectiva,,
"Gn_sp_san_luis_1003,I_PBA25487.jpg",I_PBA25487,Gn sp_san_luis_1003,,
"Hymenia_perspectalis,_Spotted_Beet_Webworm_Moth,I_PBA25488.jpg",I_PBA25488,Hymenia perspectalis,Spotted Beet Webworm Moth,
"Trygodes_amphion,I_PBA25489.jpg",I_PBA25489,Trygodes amphion,,
"moth_Noctuidae,I_PBA25490.jpg",I_PBA25490,moth Noctuidae,,
"Anisoperas_atropunctaria,I_PBA25491.jpg",I_PBA25491,Anisoperas atropunctaria,,
"moth_Hemiceras,I_PBA25492.jpg",I_PBA25492,moth Hemiceras,,
"moth_Geometridae,I_PBA25493.jpg",I_PBA25493,moth Geometridae,,
"moth_Pyralidae,I_PBA25494.jpg",I_PBA25494,moth Pyralidae,,
"Meganola_sp_san_luis_b,I_PBA25495.jpg",I_PBA25495,Meganola sp_san_luis_b,,
"moth_Pyralidae,I_PBA25496.jpg",I_PBA25496,moth Pyralidae,,
"moth_Noctuidae,I_PBA25497.jpg",I_PBA25497,moth Noctuidae,,
"Nephodia_betala,I_PBA25498.jpg",I_PBA25498,Nephodia betala,,
"Clemensia_leopardina,I_PBA25499.jpg",I_PBA25499,Clemensia leopardina,,
"moth,I_PBA25500.jpg",I_PBA25500,moth,,
"light,I_PBA25501.jpg",I_PBA25501,light,,
"Lomographa_argentata,I_PBA25502.jpg",I_PBA25502,Lomographa argentata,,
"insect,I_PBA25503.jpg",I_PBA25503,insect,,
"moth_Noctuidae,I_PBA25504.jpg",I_PBA25504,moth Noctuidae,,
"moth_Geometridae,I_PBA25505.jpg",I_PBA25505,moth Geometridae,,
"Rhabdatomis_laudamia,I_PBA25506.jpg",I_PBA25506,Rhabdatomis laudamia,,
"Crambidia_cephalica,_Yellow-headed_Lichen_Moth,I_PBA25507.jpg",I_PBA25507,Crambidia cephalica,Yellow-headed Lichen Moth,
"Iridopsis_lurida--oberthuri--herse,I_PBA25508.jpg",I_PBA25508,Iridopsis lurida--oberthuri--herse,,
"Iridopsis_lurida--oberthuri--herse,I_PBA25509.jpg",I_PBA25509,Iridopsis lurida--oberthuri--herse,,
"moth,I_PBA25510.jpg",I_PBA25510,moth,,
"Crambidia_cephalica,_Yellow-headed_Lichen_Moth,I_PBA25511.jpg",I_PBA25511,Crambidia cephalica,Yellow-headed Lichen Moth,
"Crambidia_cephalica,_Yellow-headed_Lichen_Moth,I_PBA25512.jpg",I_PBA25512,Crambidia cephalica,Yellow-headed Lichen Moth,
"moth,I_PBA25513.jpg",I_PBA25513,moth,,
"Crambidia_cephalica,_Yellow-headed_Lichen_Moth,I_PBA25514.jpg",I_PBA25514,Crambidia cephalica,Yellow-headed Lichen Moth,
"moth,I_PBA25515.jpg",I_PBA25515,moth,,
"moth,I_PBA25516.jpg",I_PBA25516,moth,,
"moth,I_PBA25517.jpg",I_PBA25517,moth,,
"moth_Megalopygidae_-_Limacodidae,I_PBA25518.jpg",I_PBA25518,moth Megalopygidae - Limacodidae,,
"moth_Pyralidae,I_PBA25519.jpg",I_PBA25519,moth Pyralidae,,
"moth_Notodontidae,I_PBA25520.jpg",I_PBA25520,moth Notodontidae,,
"moth,I_PBA25521.jpg",I_PBA25521,moth,,
"Crambidia_cephalica,_Yellow-headed_Lichen_Moth,I_PBA25522.jpg",I_PBA25522,Crambidia cephalica,Yellow-headed Lichen Moth,
"moth,I_PBA25523.jpg",I_PBA25523,moth,,
"moth_Notodontidae,I_PBA25524.jpg",I_PBA25524,moth Notodontidae,,
"Hypercompe_nemophila,I_PBA25525.jpg",I_PBA25525,Hypercompe nemophila,,
"moth,I_PBA25526.jpg",I_PBA25526,moth,,
"Crambidia_cephalica,_Yellow-headed_Lichen_Moth,I_PBA25527.jpg",I_PBA25527,Crambidia cephalica,Yellow-headed Lichen Moth,
"Dycladia_emerita,I_PBA25528.jpg",I_PBA25528,Dycladia emerita,,
"moth_Noctuidae,I_PBA25529.jpg",I_PBA25529,moth Noctuidae,,
"moth,I_PBA25530.jpg",I_PBA25530,moth,,
"moth,I_PBA25531.jpg",I_PBA25531,moth,,
"moth,I_PBA25532.jpg",I_PBA25532,moth,,
"moth,I_PBA25533.jpg",I_PBA25533,moth,,
"moth,I_PBA25534.jpg",I_PBA25534,moth,,
"moth_Megalopygidae_-_Limacodidae,I_PBA25535.jpg",I_PBA25535,moth Megalopygidae - Limacodidae,,
"moth,I_PBA25536.jpg",I_PBA25536,moth,,
"Leptostales_crossii,I_PBA25537.jpg",I_PBA25537,Leptostales crossii,,
"moth,I_PBA25538.jpg",I_PBA25538,moth,,
"Crambidia_cephalica,_Yellow-headed_Lichen_Moth,I_PBA25539.jpg",I_PBA25539,Crambidia cephalica,Yellow-headed Lichen Moth,
"moth,I_PBA25540.jpg",I_PBA25540,moth,,
"Iridopsis_lurida--oberthuri--herse,I_PBA25541.jpg",I_PBA25541,Iridopsis lurida--oberthuri--herse,,
"moth,I_PBA25542.jpg",I_PBA25542,moth,,
"moth,I_PBA25543.jpg",I_PBA25543,moth,,
"Cell_phone,I_PBA25544.jpg",I_PBA25544,Cell phone,,
"light,I_PBA25545.jpg",I_PBA25545,light,,
"Rhabdatomis_laudamia,I_PBA25546.jpg",I_PBA25546,Rhabdatomis laudamia,,
"moth_Megalopygidae_-_Limacodidae,I_PBA25547.jpg",I_PBA25547,moth Megalopygidae - Limacodidae,,
"Lomographa_argentata,I_PBA25548.jpg",I_PBA25548,Lomographa argentata,,
"moth,I_PBA25549.jpg",I_PBA25549,moth,,
"insect,I_PBA25550.jpg",I_PBA25550,insect,,
"moth_emerald,I_PBA25551.jpg",I_PBA25551,moth emerald,,
"moth,I_PBA25552.jpg",I_PBA25552,moth,,
"moth,I_PBA25553.jpg",I_PBA25553,moth,,
"moth_Geometridae,I_PBA25554.jpg",I_PBA25554,moth Geometridae,,
"light,I_PBA25555.jpg",I_PBA25555,light,,
"insect,I_PBA25556.jpg",I_PBA25556,insect,,
"Nephodia_auxesia,I_PBA25557.jpg",I_PBA25557,Nephodia auxesia,,
"moth_Notodontidae,I_PBA25558.jpg",I_PBA25558,moth Notodontidae,,
"Euphyia_sp_group_san_luis,I_PBA25559.jpg",I_PBA25559,Euphyia sp_group_san_luis,,
"Lomographa_argentata,I_PBA25560.jpg",I_PBA25560,Lomographa argentata,,
"insect,I_PBA25561.jpg",I_PBA25561,insect,,
"moth,I_PBA25562.jpg",I_PBA25562,moth,,
"moth_Crambidae,I_PBA25563.jpg",I_PBA25563,moth Crambidae,,
"moth_Noctuidae,I_PBA25564.jpg",I_PBA25564,moth Noctuidae,,
"Macaria_sp_san_luis_a,I_PBA25565.jpg",I_PBA25565,Macaria sp_san_luis_a,,
"moth_Hemiceras,I_PBA25566.jpg",I_PBA25566,moth Hemiceras,,
"Nematocampa_completa,I_PBA25567.jpg",I_PBA25567,Nematocampa completa,,
"Dyspteris_tenuivitta,I_PBA25568.jpg",I_PBA25568,Dyspteris tenuivitta,,
"insect,I_PBA25569.jpg",I_PBA25569,insect,,
"Brachurapteryx_tesserata,I_PBA25570.jpg",I_PBA25570,Brachurapteryx tesserata,,
"Rhabdatomis_laudamia,I_PBA25571.jpg",I_PBA25571,Rhabdatomis laudamia,,
"moth,I_PBA25572.jpg",I_PBA25572,moth,,
"Crambidia_cephalica,I_PBA25573.jpg",I_PBA25573,Crambidia cephalica,,
"moth_Megalopygidae_-_Limacodidae,I_PBA25574.jpg",I_PBA25574,moth Megalopygidae - Limacodidae,,
"Glena_mopsaria,I_PBA25575.jpg",I_PBA25575,Glena mopsaria,,
"Neotherina_imperilla,I_PBA25576.jpg",I_PBA25576,Neotherina imperilla,,
"Macaria_abydata--nundinata,I_PBA25577.jpg",I_PBA25577,Macaria abydata--nundinata,,
"Anycles_adusta,I_PBA25578.jpg",I_PBA25578,Anycles adusta,,
"Napata_lelex,I_PBA25579.jpg",I_PBA25579,Napata lelex,,
"Iridopsis_lurida--oberthuri--herse,I_PBA25580.jpg",I_PBA25580,Iridopsis lurida--oberthuri--herse,,
"Gn_sp_san_luis_1011,I_PBA25581.jpg",I_PBA25581,Gn sp_san_luis_1011,,
"Rhabdatomis_laudamia,I_PBA25582.jpg",I_PBA25582,Rhabdatomis laudamia,,
"moth_Crambidae,I_PBA25583.jpg",I_PBA25583,moth Crambidae,,
"Eucereon_xanthoperas,I_PBA25584.jpg",I_PBA25584,Eucereon xanthoperas,,
"Opisthoxia_miletia,I_PBA25585.jpg",I_PBA25585,Opisthoxia miletia,,
"moth,I_PBA25586.jpg",I_PBA25586,moth,,
"moth,I_PBA25587.jpg",I_PBA25587,moth,,
"moth_Pyraidae,I_PBA25588.jpg",I_PBA25588,moth Pyraidae,,
"Gn_sp_san_luis_1003,_maybe,I_PBA25589.jpg",I_PBA25589,Gn sp_san_luis_1003,maybe,
"Lomographa_argentata,I_PBA25590.jpg",I_PBA25590,Lomographa argentata,,
"Synchlora_dependens,I_PBA25591.jpg",I_PBA25591,Synchlora dependens,,
"Nephodia_auxesia,I_PBA25592.jpg",I_PBA25592,Nephodia auxesia,,
"Synchlora_dependens,I_PBA25593.jpg",I_PBA25593,Synchlora dependens,,
"Nematocampa_completa,I_PBA25594.jpg",I_PBA25594,Nematocampa completa,,
"insect,I_PBA25595.jpg",I_PBA25595,insect,,
"Thysanopyga_carfinia,I_PBA25596.jpg",I_PBA25596,Thysanopyga carfinia,,
"Oospila_venezuelata,I_PBA25597.jpg",I_PBA25597,Oospila venezuelata,,
"moth,I_PBA25598.jpg",I_PBA25598,moth,,
"moth_Pyralidae,I_PBA25599.jpg",I_PBA25599,moth Pyralidae,,
"Nematocampa_completa,I_PBA25600.jpg",I_PBA25600,Nematocampa completa,,
"moth_Geometridae,I_PBA25601.jpg",I_PBA25601,moth Geometridae,,
"moth_Noctuidae,I_PBA25602.jpg",I_PBA25602,moth Noctuidae,,
"insect,I_PBA25603.jpg",I_PBA25603,insect,,
"moth_merald,I_PBA25604.jpg",I_PBA25604,moth merald,,
"Lophosis_labeculata,_Stained_Lophosis_Moth,I_PBA25606.jpg",I_PBA25606,Lophosis labeculata,Stained Lophosis Moth,
"Ametris_nitocris,I_PBA25607.jpg",I_PBA25607,Ametris nitocris,,
"Meganola_sp_san_luis_b,I_PBA25608.jpg",I_PBA25608,Meganola sp_san_luis_b,,
"Idaea_subfervens,I_PBA25609.jpg",I_PBA25609,Idaea subfervens,,
"Iridopsis_lurida--oberthuri--herse,I_PBA25610.jpg",I_PBA25610,Iridopsis lurida--oberthuri--herse,,
"moth_Noctuidae,I_PBA25611.jpg",I_PBA25611,moth Noctuidae,,
"moth_Geometridae,I_PBA25612.jpg",I_PBA25612,moth Geometridae,,
"moth_Notodontidae,I_PBA25613.jpg",I_PBA25613,moth Notodontidae,,
"Cell_phone,I_PBA25614.jpg",I_PBA25614,Cell phone,,
"light,I_PBA25615.jpg",I_PBA25615,light,,
"insect,I_PBA25616.jpg",I_PBA25616,insect,,
"moth_Notodontidae,I_PBA25617.jpg",I_PBA25617,moth Notodontidae,,
"moth_Notodontidae,I_PBA25618.jpg",I_PBA25618,moth Notodontidae,,
"moth_Noctuidae,I_PBA25619.jpg",I_PBA25619,moth Noctuidae,,
"Euphyia_sp_group_san_luis,I_PBA25620.jpg",I_PBA25620,Euphyia sp_group_san_luis,,
"Iridopsis_lurida--oberthuri--herse,I_PBA25621.jpg",I_PBA25621,Iridopsis lurida--oberthuri--herse,,
"Afrida_ydatodes,_Dyars_Lichen_Moth,I_PBA25622.jpg",I_PBA25622,Afrida ydatodes,Dyars Lichen Moth,
"moth_Megalopygidae_-_Limacodidae,I_PBA25623.jpg",I_PBA25623,moth Megalopygidae - Limacodidae,,
"Hagnagora_sp_san_luis,I_PBA25624.jpg",I_PBA25624,Hagnagora sp_san_luis,,
"moth,I_PBA25625.jpg",I_PBA25625,moth,,
"moth,I_PBA25626.jpg",I_PBA25626,moth,,
"Glena_mopsaria,I_PBA25627.jpg",I_PBA25627,Glena mopsaria,,
"Elaphria_hyposcota,I_PBA25628.jpg",I_PBA25628,Elaphria hyposcota,,
"light,I_PBA25629.jpg",I_PBA25629,light,,
"moth_Pyralidae,I_PBA25630.jpg",I_PBA25630,moth Pyralidae,,
"moth_Sphingidae,I_PBA25631.jpg",I_PBA25631,moth Sphingidae,,
"moth_Pyralidae,I_PBA25632.jpg",I_PBA25632,moth Pyralidae,,
"Melese_monima,I_PBA25633.jpg",I_PBA25633,Melese monima,,
"Periclina_sp_san_luis_a,I_PBA25634.jpg",I_PBA25634,Periclina sp_san_luis_a,,
"moth_Geometridae,I_PBA25635.jpg",I_PBA25635,moth Geometridae,,
"moth_Noctuidae,I_PBA25636.jpg",I_PBA25636,moth Noctuidae,,
"moth,I_PBA25637.jpg",I_PBA25637,moth,,
"Lobocleta_tenellata,I_PBA25638.jpg",I_PBA25638,Lobocleta tenellata,,
"Nematocampa_c,I_PBA25639.jpg",I_PBA25639,Nematocampa c,,
"Lobocleta_tenellata,I_PBA25640.jpg",I_PBA25640,Lobocleta tenellata,,
"Nematocampa_completa,I_PBA25641.jpg",I_PBA25641,Nematocampa completa,,
"moth_Herbita,I_PBA25642.jpg",I_PBA25642,moth Herbita,,
"moth_Noctuidae,I_PBA25643.jpg",I_PBA25643,moth Noctuidae,,
"moth,I_PBA25644.jpg",I_PBA25644,moth,,
"Crambidia_cephalica,_Yellow-headed_Lichen_Moth,I_PBA25645.jpg",I_PBA25645,Crambidia cephalica,Yellow-headed Lichen Moth,
"moth_Sphingidae,I_PBA25646.jpg",I_PBA25646,moth Sphingidae,,
"moth_Noctuidae,I_PBA25647.jpg",I_PBA25647,moth Noctuidae,,
"Patalene_aenetusaria,I_PBA25648.jpg",I_PBA25648,Patalene aenetusaria,,
"Iridopsis_lurida--oberthuri--herse,I_PBA25649.jpg",I_PBA25649,Iridopsis lurida--oberthuri--herse,,
"moth_Arctiidae,I_PBA25650.jpg",I_PBA25650,moth Arctiidae,,
"Periclina_sp_san_luis_a,I_PBA25651.jpg",I_PBA25651,Periclina sp_san_luis_a,,
"Nematocampa_completa,I_PBA25652.jpg",I_PBA25652,Nematocampa completa,,
"moth,I_PBA25653.jpg",I_PBA25653,moth,,
"Macrocneme_iole,I_PBA25654.jpg",I_PBA25654,Macrocneme iole,,
"Lobocleta_tenellata,I_PBA25655.jpg",I_PBA25655,Lobocleta tenellata,,
"moth,I_PBA25656.jpg",I_PBA25656,moth,,
"Metanema_bonadea,I_PBA25657.jpg",I_PBA25657,Metanema bonadea,,
"Crambidia_cephalica,_Yellow-headed_Lichen_Moth,I_PBA25658.jpg",I_PBA25658,Crambidia cephalica,Yellow-headed Lichen Moth,
"Metanema_bonadea,I_PBA25659.jpg",I_PBA25659,Metanema bonadea,,
"moth_Crambidae,I_PBA25660.jpg",I_PBA25660,moth Crambidae,,
"moth_Geometridae,I_PBA25661.jpg",I_PBA25661,moth Geometridae,,
"Lomographa_argentata,I_PBA25662.jpg",I_PBA25662,Lomographa argentata,,
"Nematocampa_completa,I_PBA25663.jpg",I_PBA25663,Nematocampa completa,,
"moth,I_PBA25664.jpg",I_PBA25664,moth,,
"Macaria_approximaria--gambarina--ostia,I_PBA25665.jpg",I_PBA25665,Macaria approximaria--gambarina--ostia,,
"Nematocampa_completa,I_PBA25666.jpg",I_PBA25666,Nematocampa completa,,
"Iridopsis_lurida--oberthuri--herse,I_PBA25667.jpg",I_PBA25667,Iridopsis lurida--oberthuri--herse,,
"moth_Notodontidae,I_PBA25668.jpg",I_PBA25668,moth Notodontidae,,
"Rhabdatomis_laudamia,I_PBA25669.jpg",I_PBA25669,Rhabdatomis laudamia,,
"Melese_monima,I_PBA25670.jpg",I_PBA25670,Melese monima,,
"Oospila_venezuelata,I_PBA25671.jpg",I_PBA25671,Oospila venezuelata,,
"moth_Crambidae,I_PBA25672.jpg",I_PBA25672,moth Crambidae,,
"Crambidia_cephalica,_Yellow-headed_Lichen_Moth,I_PBA25673.jpg",I_PBA25673,Crambidia cephalica,Yellow-headed Lichen Moth,
"insect,I_PBA25674.jpg",I_PBA25674,insect,,
"Crambidia_cephalica,_Yellow-headed_Lichen_Moth,I_PBA25675.jpg",I_PBA25675,Crambidia cephalica,Yellow-headed Lichen Moth,
"Lobocleta_tenellata,I_PBA25676.jpg",I_PBA25676,Lobocleta tenellata,,
"Isogona_continua--natatrix,I_PBA25677.jpg",I_PBA25677,Isogona continua--natatrix,,
"moth_Megalopygidae_-_Limacodidae,I_PBA25678.jpg",I_PBA25678,moth Megalopygidae - Limacodidae,,
"Lobocleta_tenellata,I_PBA25679.jpg",I_PBA25679,Lobocleta tenellata,,
"Trygodes_amphion,I_PBA25680.jpg",I_PBA25680,Trygodes amphion,,
"moth_Pyralidae,I_PBA25681.jpg",I_PBA25681,moth Pyralidae,,
"moth_Geometridae,I_PBA25682.jpg",I_PBA25682,moth Geometridae,,
"moth_Pyralidae,I_PBA25683.jpg",I_PBA25683,moth Pyralidae,,
"Nematocampa_completa,I_PBA25684.jpg",I_PBA25684,Nematocampa completa,,
"moth_Pyralidae,I_PBA25685.jpg",I_PBA25685,moth Pyralidae,,
"moth_Crambidae,I_PBA25686.jpg",I_PBA25686,moth Crambidae,,
"moth,I_PBA25687.jpg",I_PBA25687,moth,,
"Lomographa_argentata,I_PBA25688.jpg",I_PBA25688,Lomographa argentata,,
"Nephodia_auxesia,I_PBA25689.jpg",I_PBA25689,Nephodia auxesia,,
"Cell_phone,I_PBA25690.jpg",I_PBA25690,Cell phone,,
"light,I_PBA25691.jpg",I_PBA25691,light,,
"Crambidia_cephalica,_Yellow-headed_Lichen_Moth,I_PBA25692.jpg",I_PBA25692,Crambidia cephalica,Yellow-headed Lichen Moth,
"moth,I_PBA25693.jpg",I_PBA25693,moth,,
"Iridopsis_lurida--oberthuri--herse,I_PBA25694.jpg",I_PBA25694,Iridopsis lurida--oberthuri--herse,,
"Idaea_sp_group_san_luis,I_PBA25695.jpg",I_PBA25695,Idaea sp_group_san_luis,,
"Rhabdatomis_laudamia,I_PBA25696.jpg",I_PBA25696,Rhabdatomis laudamia,,
"moth_Notodontidae,I_PBA25697.jpg",I_PBA25697,moth Notodontidae,,
"moth_Notodontidae,I_PBA25698.jpg",I_PBA25698,moth Notodontidae,,
"insect,I_PBA25699.jpg",I_PBA25699,insect,,
"moth_Sphingidae,I_PBA25700.jpg",I_PBA25700,moth Sphingidae,,
"moth,I_PBA25701.jpg",I_PBA25701,moth,,
"light,I_PBA25702.jpg",I_PBA25702,light,,
"moth_Pyralidae,I_PBA25703.jpg",I_PBA25703,moth Pyralidae,,
"Rhabdatomis_laudamia,I_PBA25704.jpg",I_PBA25704,Rhabdatomis laudamia,,
"Crambidia_cephalica,_Yellow-headed_Lichen_Moth,I_PBA25705.jpg",I_PBA25705,Crambidia cephalica,Yellow-headed Lichen Moth,
"Macrocneme_iole,I_PBA25706.jpg",I_PBA25706,Macrocneme iole,,
"moth,I_PBA25707.jpg",I_PBA25707,moth,,
"Lomographa_argentata,I_PBA25708.jpg",I_PBA25708,Lomographa argentata,,
"moth,I_PBA25709.jpg",I_PBA25709,moth,,
"Iridopsis_lurida--oberthuri--herse,I_PBA25710.jpg",I_PBA25710,Iridopsis lurida--oberthuri--herse,,
"moth,I_PBA25711.jpg",I_PBA25711,moth,,
"Macaria_approximaria--gambarina--ostia,I_PBA25712.jpg",I_PBA25712,Macaria approximaria--gambarina--ostia,,
"moth,I_PBA25713.jpg",I_PBA25713,moth,,
"moth_Geometridae,I_PBA25714.jpg",I_PBA25714,moth Geometridae,,
"moth,I_PBA25715.jpg",I_PBA25715,moth,,
"Lichnoptera_illudens,I_PBA25716.jpg",I_PBA25716,Lichnoptera illudens,,
"moth_Notodontidae,I_PBA25717.jpg",I_PBA25717,moth Notodontidae,,
"Iridopsis_lurida--oberthuri--herse,I_PBA25718.jpg",I_PBA25718,Iridopsis lurida--oberthuri--herse,,
"Leptostales_crossii,I_PBA25719.jpg",I_PBA25719,Leptostales crossii,,
"Macaria_approximaria--gambarina--ostia,I_PBA25720.jpg",I_PBA25720,Macaria approximaria--gambarina--ostia,,
"moth_Pyralidae,I_PBA25721.jpg",I_PBA25721,moth Pyralidae,,
"moth_Pyralidae,I_PBA25722.jpg",I_PBA25722,moth Pyralidae,,
"Macaria_approximaria--gambarina--ostia,I_PBA25723.jpg",I_PBA25723,Macaria approximaria--gambarina--ostia,,
"Nematocampa_completa,I_PBA25724.jpg",I_PBA25724,Nematocampa completa,,
"moth_Geometridae,I_PBA25725.jpg",I_PBA25725,moth Geometridae,,
"Iridopsis_lurida--oberthuri--herse,I_PBA25726.jpg",I_PBA25726,Iridopsis lurida--oberthuri--herse,,
"Synchlora_dependens,I_PBA25727.jpg",I_PBA25727,Synchlora dependens,,
"Leptostales_crossii,I_PBA25728.jpg",I_PBA25728,Leptostales crossii,,
"moth_Noctuidae_delta,I_PBA25729.jpg",I_PBA25729,moth Noctuidae delta,,
"Iridopsis_lurida--oberthuri--herse,I_PBA25730.jpg",I_PBA25730,Iridopsis lurida--oberthuri--herse,,
"Leptostales_crossii,I_PBA25731.jpg",I_PBA25731,Leptostales crossii,,
"moth_Geometridae,I_PBA25732.jpg",I_PBA25732,moth Geometridae,,
"moth_Geometridae,I_PBA25733.jpg",I_PBA25733,moth Geometridae,,
"Iridopsis_lurida--oberthuri--herse,I_PBA25734.jpg",I_PBA25734,Iridopsis lurida--oberthuri--herse,,
"moth,I_PBA25735.jpg",I_PBA25735,moth,,
"moth_Notodontidae,I_PBA25736.jpg",I_PBA25736,moth Notodontidae,,
"Epimecis_semicompleta,I_PBA25737.jpg",I_PBA25737,Epimecis semicompleta,,
"moth_Crambidae,I_PBA25738.jpg",I_PBA25738,moth Crambidae,,
"Nematocampa_completa,I_PBA25739.jpg",I_PBA25739,Nematocampa completa,,
"moth,I_PBA25740.jpg",I_PBA25740,moth,,
"Nematocampa_completa,I_PBA25741.jpg",I_PBA25741,Nematocampa completa,,
"moth_Pyralidae,I_PBA25742.jpg",I_PBA25742,moth Pyralidae,,
"moth,I_PBA25743.jpg",I_PBA25743,moth,,
"moth,I_PBA25744.jpg",I_PBA25744,moth,,
"moth,I_PBA25745.jpg",I_PBA25745,moth,,
"Ametris_nitocris,I_PBA25746.jpg",I_PBA25746,Ametris nitocris,,
"moth,I_PBA25747.jpg",I_PBA25747,moth,,
"moth_Noctuidae,I_PBA25748.jpg",I_PBA25748,moth Noctuidae,,
"Nephodia_auxesia,I_PBA25749.jpg",I_PBA25749,Nephodia auxesia,,
"moth_Noctuidae,I_PBA25750.jpg",I_PBA25750,moth Noctuidae,,
"moth,I_PBA25751.jpg",I_PBA25751,moth,,
"Oospila_venezuelata,I_PBA25752.jpg",I_PBA25752,Oospila venezuelata,,
"moth,I_PBA25753.jpg",I_PBA25753,moth,,
"insect,I_PBA25754.jpg",I_PBA25754,insect,,
"Macaria_approximaria--gambarina--ostia,I_PBA25755.jpg",I_PBA25755,Macaria approximaria--gambarina--ostia,,
"Oospila_venezuelata,I_PBA25756.jpg",I_PBA25756,Oospila venezuelata,,
"Macaria_approximaria--gambarina--ostia,I_PBA25757.jpg",I_PBA25757,Macaria approximaria--gambarina--ostia,,
"moth_Pyralidae,I_PBA25758.jpg",I_PBA25758,moth Pyralidae,,
"Nepheloleuca_illiturata,I_PBA25759.jpg",I_PBA25759,Nepheloleuca illiturata,,
"moth_Pyralidae,I_PBA25760.jpg",I_PBA25760,moth Pyralidae,,
"moth,I_PBA25761.jpg",I_PBA25761,moth,,
"moth,I_PBA25762.jpg",I_PBA25762,moth,,
"moth,I_PBA25763.jpg",I_PBA25763,moth,,
"moth,I_PBA25764.jpg",I_PBA25764,moth,,
"Lomographa_argentata,I_PBA25765.jpg",I_PBA25765,Lomographa argentata,,
"Nemoria_pescadora,I_PBA25766.jpg",I_PBA25766,Nemoria pescadora,,
"light,I_PBA25767.jpg",I_PBA25767,light,,
"insect,I_PBA25768.jpg",I_PBA25768,insect,,
"Micrathetis_dasarada,I_PBA25769.jpg",I_PBA25769,Micrathetis dasarada,,
"moth,I_PBA25770.jpg",I_PBA25770,moth,,
"moth_Pyralidae,I_PBA25771.jpg",I_PBA25771,moth Pyralidae,,
"Nemoria_vermiculata,I_PBA25772.jpg",I_PBA25772,Nemoria vermiculata,,
"moth_Noctuidae,I_PBA25773.jpg",I_PBA25773,moth Noctuidae,,
"Lomographa_argentata,I_PBA25774.jpg",I_PBA25774,Lomographa argentata,,
"moth_Notodontidae,I_PBA25775.jpg",I_PBA25775,moth Notodontidae,,
"moth_Hemiceras,I_PBA25776.jpg",I_PBA25776,moth Hemiceras,,
"moth,I_PBA25777.jpg",I_PBA25777,moth,,
"moth_Pyralidae,I_PBA25778.jpg",I_PBA25778,moth Pyralidae,,
"Leptostales_crossii,I_PBA25779.jpg",I_PBA25779,Leptostales crossii,,
"moth_Notodontidae,I_PBA25780.jpg",I_PBA25780,moth Notodontidae,,
"moth,I_PBA25781.jpg",I_PBA25781,moth,,
"Scopula_sp_group_san_luis,I_PBA25782.jpg",I_PBA25782,Scopula sp_group_san_luis,,
"Clemensia_cincinnata,I_PBA25783.jpg",I_PBA25783,Clemensia cincinnata,,
"Clemensia_leopardina,I_PBA25784.jpg",I_PBA25784,Clemensia leopardina,,
"Semaeopus_viridiplaga,I_PBA25785.jpg",I_PBA25785,Semaeopus viridiplaga,,
"Clemensia_brunneomedia,I_PBA25786.jpg",I_PBA25786,Clemensia brunneomedia,,
"moth,I_PBA25787.jpg",I_PBA25787,moth,,
"moth_new_species,I_PBA25788.jpg",I_PBA25788,moth new species,,
"moth_Crambidae,I_PBA25789.jpg",I_PBA25789,moth Crambidae,,
"moth_Crambidae,I_PBA25790.jpg",I_PBA25790,moth Crambidae,,
"moth_Noctuidae,I_PBA25791.jpg",I_PBA25791,moth Noctuidae,,
"moth_emerald,I_PBA25792.jpg",I_PBA25792,moth emerald,,
"moth_Geometridae,I_PBA25793.jpg",I_PBA25793,moth Geometridae,,
"moth,I_PBA25794.jpg",I_PBA25794,moth,,
"Nematocampa_completa,I_PBA25795.jpg",I_PBA25795,Nematocampa completa,,
"Macaria_approximaria--gambarina--ostia,I_PBA25796.jpg",I_PBA25796,Macaria approximaria--gambarina--ostia,,
"Nola_sp_san_luis_a,I_PBA25797.jpg",I_PBA25797,Nola sp_san_luis_a,,
"moth_Notodontidae,I_PBA25798.jpg",I_PBA25798,moth Notodontidae,,
"Rhabdatomis_laudamia,I_PBA25799.jpg",I_PBA25799,Rhabdatomis laudamia,,
"Clemensia_leopardina,I_PBA25800.jpg",I_PBA25800,Clemensia leopardina,,
"Trygodes_amphion,I_PBA25801.jpg",I_PBA25801,Trygodes amphion,,
"Euphyia_sp_group_san_luis,I_PBA25802.jpg",I_PBA25802,Euphyia sp_group_san_luis,,
"moth_Pyralidae,I_PBA25803.jpg",I_PBA25803,moth Pyralidae,,
"moth,I_PBA25804.jpg",I_PBA25804,moth,,
"moth_Geometridae,I_PBA25805.jpg",I_PBA25805,moth Geometridae,,
"moth_Megalopygidae_-_Limacodidae,I_PBA25806.jpg",I_PBA25806,moth Megalopygidae - Limacodidae,,
"Oxydia_trychiata,I_PBA25807.jpg",I_PBA25807,Oxydia trychiata,,
"Nephodia_auxesia,I_PBA25808.jpg",I_PBA25808,Nephodia auxesia,,
"Nematocampa_completa,I_PBA25809.jpg",I_PBA25809,Nematocampa completa,,
"moth_emerald,I_PBA25810.jpg",I_PBA25810,moth emerald,,
"Nephodia_auxesia,I_PBA25811.jpg",I_PBA25811,Nephodia auxesia,,
"moth_Crambidae,I_PBA25812.jpg",I_PBA25812,moth Crambidae,,
"Trygodes_amphion,I_PBA25813.jpg",I_PBA25813,Trygodes amphion,,
"moth_emerald,I_PBA25814.jpg",I_PBA25814,moth emerald,,
"moth_Pyralidae,I_PBA25815.jpg",I_PBA25815,moth Pyralidae,,
"moth,I_PBA25816.jpg",I_PBA25816,moth,,
"Nematocampa_arenosa,I_PBA25817.jpg",I_PBA25817,Nematocampa arenosa,,
"moth_Hemiceras,I_PBA25818.jpg",I_PBA25818,moth Hemiceras,,
"Lobocleta_tenellata,I_PBA25819.jpg",I_PBA25819,Lobocleta tenellata,,
"Glena_mopsaria,I_PBA25820.jpg",I_PBA25820,Glena mopsaria,,
"moth_Noctuidae,I_PBA25821.jpg",I_PBA25821,moth Noctuidae,,
"moth,I_PBA25822.jpg",I_PBA25822,moth,,
"Lobocleta_tenellata,I_PBA25823.jpg",I_PBA25823,Lobocleta tenellata,,
"Crambidia_cephalica,_Yellow-headed_Lichen_Moth,I_PBA25824.jpg",I_PBA25824,Crambidia cephalica,Yellow-headed Lichen Moth,
"Macaria_approximaria--gambarina--ostia,I_PBA25825.jpg",I_PBA25825,Macaria approximaria--gambarina--ostia,,
"moth_Crambidae,I_PBA25826.jpg",I_PBA25826,moth Crambidae,,
"moth_Pyralidae,I_PBA25827.jpg",I_PBA25827,moth Pyralidae,,
"moth_Crambidae,I_PBA25828.jpg",I_PBA25828,moth Crambidae,,
"Nemoria_vermiculata,I_PBA25829.jpg",I_PBA25829,Nemoria vermiculata,,
"moth,I_PBA25830.jpg",I_PBA25830,moth,,
"moth_emerald,I_PBA25831.jpg",I_PBA25831,moth emerald,,
"Nemoria_vermiculata,I_PBA25832.jpg",I_PBA25832,Nemoria vermiculata,,
"moth_Geometridae,I_PBA25833.jpg",I_PBA25833,moth Geometridae,,
"moth_Geometridae,I_PBA25834.jpg",I_PBA25834,moth Geometridae,,
"moth_Geometridae,I_PBA25835.jpg",I_PBA25835,moth Geometridae,,
"Nephodia_auxesia,I_PBA25836.jpg",I_PBA25836,Nephodia auxesia,,
"Nemoria_defectiva,I_PBA25837.jpg",I_PBA25837,Nemoria defectiva,,
"insect,I_PBA25838.jpg",I_PBA25838,insect,,
"light,I_PBA25839.jpg",I_PBA25839,light,,
"moth_Melese,I_PBA25840.jpg",I_PBA25840,moth Melese,,
"moth_Crambidae,I_PBA25841.jpg",I_PBA25841,moth Crambidae,,
"moth,I_PBA25842.jpg",I_PBA25842,moth,,
"moth,I_PBA25843.jpg",I_PBA25843,moth,,
"moth,I_PBA25844.jpg",I_PBA25844,moth,,
"Eucereon_tigrata,I_PBA25845.jpg",I_PBA25845,Eucereon tigrata,,
"moth,I_PBA25846.jpg",I_PBA25846,moth,,
"Iridopsis_lurida--oberthuri--herse,I_PBA25847.jpg",I_PBA25847,Iridopsis lurida--oberthuri--herse,,
"moth,I_PBA25848.jpg",I_PBA25848,moth,,
"moth,I_PBA25849.jpg",I_PBA25849,moth,,
"moth,I_PBA25850.jpg",I_PBA25850,moth,,
"moth,I_PBA25851.jpg",I_PBA25851,moth,,
"moth,I_PBA25852.jpg",I_PBA25852,moth,,
"moth,I_PBA25853.jpg",I_PBA25853,moth,,
"moth,I_PBA25854.jpg",I_PBA25854,moth,,
"moth,I_PBA25855.jpg",I_PBA25855,moth,,
"moth,I_PBA25856.jpg",I_PBA25856,moth,,
"Cell_phone,I_PBA25857.jpg",I_PBA25857,Cell phone,,
"light,I_PBA25858.jpg",I_PBA25858,light,,
"Iridopsis_lurida--oberthuri--herse,I_PBA25859.jpg",I_PBA25859,Iridopsis lurida--oberthuri--herse,,
"moth,I_PBA25860.jpg",I_PBA25860,moth,,
"moth_Pyralidae,I_PBA25861.jpg",I_PBA25861,moth Pyralidae,,
"moth,I_PBA25862.jpg",I_PBA25862,moth,,
"Idaea_sp_group_san_luis,I_PBA25863.jpg",I_PBA25863,Idaea sp_group_san_luis,,
"moth,I_PBA25864.jpg",I_PBA25864,moth,,
"Iridopsis_lurida--oberthuri--herse,I_PBA25865.jpg",I_PBA25865,Iridopsis lurida--oberthuri--herse,,
"Anisoperas_atropunctaria,I_PBA25866.jpg",I_PBA25866,Anisoperas atropunctaria,,
"moth,I_PBA25867.jpg",I_PBA25867,moth,,
"moth_Hemiceras,I_PBA25868.jpg",I_PBA25868,moth Hemiceras,,
"moth,I_PBA25869.jpg",I_PBA25869,moth,,
"moth_Crambidae,I_PBA25870.jpg",I_PBA25870,moth Crambidae,,
"moth,I_PBA25871.jpg",I_PBA25871,moth,,
"Afrida_ydatodes,_Dyars_Lichen_Moth,I_PBA25872.jpg",I_PBA25872,Afrida ydatodes,Dyars Lichen Moth,
"Macaria_approximaria--gambarina--ostia,I_PBA25873.jpg",I_PBA25873,Macaria approximaria--gambarina--ostia,,
"Meganola_sp_san_luis_b,I_PBA25874.jpg",I_PBA25874,Meganola sp_san_luis_b,,
"Hymenia_perspectalis,_Spotted_Beet_Webworm_Moth,I_PBA25875.jpg",I_PBA25875,Hymenia perspectalis,Spotted Beet Webworm Moth,
"moth_Geometridae,I_PBA25876.jpg",I_PBA25876,moth Geometridae,,
"Euphyia_sp_group_san_luis,I_PBA25877.jpg",I_PBA25877,Euphyia sp_group_san_luis,,
"moth_Geometridae,I_PBA25878.jpg",I_PBA25878,moth Geometridae,,
"Lophocampa_citrina,I_PBA25879.jpg",I_PBA25879,Lophocampa citrina,,
"Crambidia_cephalica,_Yellow-headed_Lichen_Moth,I_PBA25880.jpg",I_PBA25880,Crambidia cephalica,Yellow-headed Lichen Moth,
"Macaria_approximaria--gambarina--ostia,I_PBA25881.jpg",I_PBA25881,Macaria approximaria--gambarina--ostia,,
"moth,I_PBA25882.jpg",I_PBA25882,moth,,
"moth_Pyralidae,I_PBA25883.jpg",I_PBA25883,moth Pyralidae,,
"moth_Crambidae,I_PBA25884.jpg",I_PBA25884,moth Crambidae,,
"moth,I_PBA25885.jpg",I_PBA25885,moth,,
"moth,I_PBA25886.jpg",I_PBA25886,moth,,
"Nematocampa_completa,I_PBA25887.jpg",I_PBA25887,Nematocampa completa,,
"moth,I_PBA25888.jpg",I_PBA25888,moth,,
"moth,I_PBA25889.jpg",I_PBA25889,moth,,
"moth,I_PBA25890.jpg",I_PBA25890,moth,,
"Nematocampa_completa,I_PBA25891.jpg",I_PBA25891,Nematocampa completa,,
"moth,I_PBA25892.jpg",I_PBA25892,moth,,
"Nemoria_defectiva,I_PBA25893.jpg",I_PBA25893,Nemoria defectiva,,
"Iridopsis_lurida--oberthuri--herse,I_PBA25894.jpg",I_PBA25894,Iridopsis lurida--oberthuri--herse,,
"Nematocampa_completa,I_PBA25895.jpg",I_PBA25895,Nematocampa completa,,
"moth_Pyralidae,I_PBA25896.jpg",I_PBA25896,moth Pyralidae,,
"Melese_monima,I_PBA25897.jpg",I_PBA25897,Melese monima,,
"Micrathetis_dasarada,I_PBA25898.jpg",I_PBA25898,Micrathetis dasarada,,
"moth,I_PBA25899.jpg",I_PBA25899,moth,,
"moth_emerald,I_PBA25900.jpg",I_PBA25900,moth emerald,,
"moth_Geometridae,I_PBA25901.jpg",I_PBA25901,moth Geometridae,,
"Iridopsis_lurida--oberthuri--herse,I_PBA25902.jpg",I_PBA25902,Iridopsis lurida--oberthuri--herse,,
"moth_Geometridae,I_PBA25903.jpg",I_PBA25903,moth Geometridae,,
"moth_Hemiceras,I_PBA25904.jpg",I_PBA25904,moth Hemiceras,,
"Oospila_venezuelata,I_PBA25905.jpg",I_PBA25905,Oospila venezuelata,,
"moth,I_PBA25906.jpg",I_PBA25906,moth,,
"Thysanopyga_carfinia,I_PBA25907.jpg",I_PBA25907,Thysanopyga carfinia,,
"moth_Crambidae,I_PBA25908.jpg",I_PBA25908,moth Crambidae,,
"Epimecis_semicompleta,I_PBA25909.jpg",I_PBA25909,Epimecis semicompleta,,
"moth_Crambidae,I_PBA25910.jpg",I_PBA25910,moth Crambidae,,
"Nemoria_vermiculata,I_PBA25911.jpg",I_PBA25911,Nemoria vermiculata,,
"Opisthoxia_miletia,I_PBA25912.jpg",I_PBA25912,Opisthoxia miletia,,
"moth_Arctiidae,I_PBA25913.jpg",I_PBA25913,moth Arctiidae,,
"moth,I_PBA25914.jpg",I_PBA25914,moth,,
"moth_Notodontidae,I_PBA25915.jpg",I_PBA25915,moth Notodontidae,,
"Oospila_venezuelata,I_PBA25916.jpg",I_PBA25916,Oospila venezuelata,,
"moth_Crambidae,I_PBA25917.jpg",I_PBA25917,moth Crambidae,,
"light,I_PBA25918.jpg",I_PBA25918,light,,
"moth_Geometridae,I_PBA25919.jpg",I_PBA25919,moth Geometridae,,
"Rhabdatomis_laudamia,I_PBA25920.jpg",I_PBA25920,Rhabdatomis laudamia,,
"moth_Notodontidae,I_PBA25921.jpg",I_PBA25921,moth Notodontidae,,
"moth_Pyralidae,I_PBA25922.jpg",I_PBA25922,moth Pyralidae,,
"Crambidia_cephalica,_Yellow-headed_Lichen_Moth,I_PBA25923.jpg",I_PBA25923,Crambidia cephalica,Yellow-headed Lichen Moth,
"Macrocneme_iole,I_PBA25924.jpg",I_PBA25924,Macrocneme iole,,
"insect,I_PBA25925.jpg",I_PBA25925,insect,,
"Macrocneme_iole,I_PBA25926.jpg",I_PBA25926,Macrocneme iole,,
"Crambidia_myrlosea,I_PBA25927.jpg",I_PBA25927,Crambidia myrlosea,,
"moth_Pyralidae,I_PBA25928.jpg",I_PBA25928,moth Pyralidae,,
"Rhabdatomis_laudamia,I_PBA25929.jpg",I_PBA25929,Rhabdatomis laudamia,,
"moth_Hydata,I_PBA25930.jpg",I_PBA25930,moth Hydata,,
"moth_Notodontidae,I_PBA25931.jpg",I_PBA25931,moth Notodontidae,,
"Elaphria_hyposcota,I_PBA25932.jpg",I_PBA25932,Elaphria hyposcota,,
"moth,I_PBA25933.jpg",I_PBA25933,moth,,
"Elaphria_hyposcota,I_PBA25934.jpg",I_PBA25934,Elaphria hyposcota,,
"Glena_mopsaria,I_PBA25935.jpg",I_PBA25935,Glena mopsaria,,
"moth,I_PBA25936.jpg",I_PBA25936,moth,,
"moth,I_PBA25937.jpg",I_PBA25937,moth,,
"moth,I_PBA25938.jpg",I_PBA25938,moth,,
"moth,I_PBA25939.jpg",I_PBA25939,moth,,
"moth,I_PBA25940.jpg",I_PBA25940,moth,,
"Amastus_aconia,I_PBA25941.jpg",I_PBA25941,Amastus aconia,,
"Hymenia_perspectalis,_Spotted_Beet_Webworm_Moth,I_PBA25942.jpg",I_PBA25942,Hymenia perspectalis,Spotted Beet Webworm Moth,
"moth_Noctuidae,I_PBA25943.jpg",I_PBA25943,moth Noctuidae,,
"moth,I_PBA25944.jpg",I_PBA25944,moth,,
"moth_Noctuidae,I_PBA25945.jpg",I_PBA25945,moth Noctuidae,,
"Crambidia_myrlosea,I_PBA25946.jpg",I_PBA25946,Crambidia myrlosea,,
"Idalus_perlineosa,I_PBA25947.jpg",I_PBA25947,Idalus perlineosa,,
"moth_Megalopygidae_-_Limacodidae,I_PBA25948.jpg",I_PBA25948,moth Megalopygidae - Limacodidae,,
"moth_Crambidae,I_PBA25949.jpg",I_PBA25949,moth Crambidae,,
"moth,I_PBA25950.jpg",I_PBA25950,moth,,
"moth_Crambidae,I_PBA25951.jpg",I_PBA25951,moth Crambidae,,
"Cell_phone,I_PBA25952.jpg",I_PBA25952,Cell phone,,
"light,I_PBA25953.jpg",I_PBA25953,light,,
"Nephodia_auxesia,I_PBA25954.jpg",I_PBA25954,Nephodia auxesia,,
"Opisthoxia_miletia,I_PBA25955.jpg",I_PBA25955,Opisthoxia miletia,,
"moth_Noctuidae,I_PBA25956.jpg",I_PBA25956,moth Noctuidae,,
"Hypercompe_nemophila,I_PBA25957.jpg",I_PBA25957,Hypercompe nemophila,,
"Macrocneme_iole,I_PBA25958.jpg",I_PBA25958,Macrocneme iole,,
"moth_Noctuidae,I_PBA25959.jpg",I_PBA25959,moth Noctuidae,,
"Nematocampa_completa,I_PBA25960.jpg",I_PBA25960,Nematocampa completa,,
"moth_Noctuidae,I_PBA25961.jpg",I_PBA25961,moth Noctuidae,,
"Rhabdatomis_laudamia,I_PBA25962.jpg",I_PBA25962,Rhabdatomis laudamia,,
"Crambidia_cephalica,_Yellow-headed_Lichen_Moth,I_PBA25963.jpg",I_PBA25963,Crambidia cephalica,Yellow-headed Lichen Moth,
"Antiblemma_concinnula,I_PBA25964.jpg",I_PBA25964,Antiblemma concinnula,,
"Clemensia_leopardina,I_PBA25965.jpg",I_PBA25965,Clemensia leopardina,,
"Lomographa_argentata,I_PBA25966.jpg",I_PBA25966,Lomographa argentata,,
"moth_Geometridae,I_PBA25967.jpg",I_PBA25967,moth Geometridae,,
"moth_Pyralidae,I_PBA25968.jpg",I_PBA25968,moth Pyralidae,,
"moth,I_PBA25969.jpg",I_PBA25969,moth,,
"moth_Geometridae,I_PBA25970.jpg",I_PBA25970,moth Geometridae,,
"Lophosis_labeculata,_Stained_Lophosis_Moth,I_PBA25971.jpg",I_PBA25971,Lophosis labeculata,Stained Lophosis Moth,
"moth,I_PBA25972.jpg",I_PBA25972,moth,,
"Scopula_sp_group_san_luis,I_PBA25973.jpg",I_PBA25973,Scopula sp_group_san_luis,,
"moth_Herbita,I_PBA25974.jpg",I_PBA25974,moth Herbita,,
"moth_Arctiidae,I_PBA25975.jpg",I_PBA25975,moth Arctiidae,,
"Iridopsis_lurida--oberthuri--herse,I_PBA25976.jpg",I_PBA25976,Iridopsis lurida--oberthuri--herse,,
"moth_Geometridae,I_PBA25977.jpg",I_PBA25977,moth Geometridae,,
"moth_Pyralidae,I_PBA25978.jpg",I_PBA25978,moth Pyralidae,,
"Clemensia_leopardina,I_PBA25979.jpg",I_PBA25979,Clemensia leopardina,,
"moth,I_PBA25980.jpg",I_PBA25980,moth,,
"moth_Geometridae,I_PBA25981.jpg",I_PBA25981,moth Geometridae,,
"Iridopsis_lurida--oberthuri--herse,I_PBA25982.jpg",I_PBA25982,Iridopsis lurida--oberthuri--herse,,
"moth,I_PBA25983.jpg",I_PBA25983,moth,,
"moth_Pyralidae,I_PBA25984.jpg",I_PBA25984,moth Pyralidae,,
"Iridopsis_lurida--oberthuri--herse,I_PBA25985.jpg",I_PBA25985,Iridopsis lurida--oberthuri--herse,,
"Hymenia_perspectalis,_Spotted_Beet_Webworm_Moth,I_PBA25986.jpg",I_PBA25986,Hymenia perspectalis,Spotted Beet Webworm Moth,
"moth_Crambidae,I_PBA25987.jpg",I_PBA25987,moth Crambidae,,
"moth_Crambidae,I_PBA25988.jpg",I_PBA25988,moth Crambidae,,
"Spragueia_lepus,I_PBA25989.jpg",I_PBA25989,Spragueia lepus,,
"Simopteryx_torquataria,I_PBA25990.jpg",I_PBA25990,Simopteryx torquataria,,
"Anisoperas_atropunctaria,I_PBA25991.jpg",I_PBA25991,Anisoperas atropunctaria,,
"Nephodia_auxesia,I_PBA25992.jpg",I_PBA25992,Nephodia auxesia,,
"moth_Arctiidae,I_PBA25993.jpg",I_PBA25993,moth Arctiidae,,
"Oospila_venezuelata,I_PBA25994.jpg",I_PBA25994,Oospila venezuelata,,
"moth_Geometridae,I_PBA25995.jpg",I_PBA25995,moth Geometridae,,
"Nematocampa_completa,I_PBA25996.jpg",I_PBA25996,Nematocampa completa,,
"Micrathetis_dasarada,I_PBA25997.jpg",I_PBA25997,Micrathetis dasarada,,
"Clemensia_leopardina,I_PBA25998.jpg",I_PBA25998,Clemensia leopardina,,
"moth,I_PBA25999.jpg",I_PBA25999,moth,,
"moth_Arctiidae,I_PBA26000.jpg",I_PBA26000,moth Arctiidae,,
"moth,I_PBA26001.jpg",I_PBA26001,moth,,
"Nemoria_defectiva,I_PBA26002.jpg",I_PBA26002,Nemoria defectiva,,
"Lobocleta_tenellata,I_PBA26003.jpg",I_PBA26003,Lobocleta tenellata,,
"insect,I_PBA26004.jpg",I_PBA26004,insect,,
"moth_Notodontidae,I_PBA26005.jpg",I_PBA26005,moth Notodontidae,,
"Afrida_ydatodes,_Dyars_Lichen_Moth,I_PBA26006.jpg",I_PBA26006,Afrida ydatodes,Dyars Lichen Moth,
"moth_Crambidae,I_PBA26007.jpg",I_PBA26007,moth Crambidae,,
"moth_emerald,I_PBA26008.jpg",I_PBA26008,moth emerald,,
"Ametris_nitocris,I_PBA26009.jpg",I_PBA26009,Ametris nitocris,,
"Micrathetis_dasarada,I_PBA26010.jpg",I_PBA26010,Micrathetis dasarada,,
"Nematocampa_arenosa,I_PBA26011.jpg",I_PBA26011,Nematocampa arenosa,,
"Leptostales_crossii,I_PBA26012.jpg",I_PBA26012,Leptostales crossii,,
"Crambidia_cephalica,_Yellow-headed_Lichen_Moth,I_PBA26013.jpg",I_PBA26013,Crambidia cephalica,Yellow-headed Lichen Moth,
"moth_Crambidae,I_PBA26014.jpg",I_PBA26014,moth Crambidae,,
"Clemensia_leopardina,I_PBA26015.jpg",I_PBA26015,Clemensia leopardina,,
"moth_Crambidae,I_PBA26016.jpg",I_PBA26016,moth Crambidae,,
"moth_emerald,I_PBA26017.jpg",I_PBA26017,moth emerald,,
"moth_new_species,I_PBA26018.jpg",I_PBA26018,moth new species,,
"Leptostales_crossii,I_PBA26019.jpg",I_PBA26019,Leptostales crossii,,
"moth_new_species,I_PBA26020.jpg",I_PBA26020,moth new species,,
"light,I_PBA26021.jpg",I_PBA26021,light,,
"moth_Pyralidae,I_PBA26022.jpg",I_PBA26022,moth Pyralidae,,
"moth,I_PBA26023.jpg",I_PBA26023,moth,,
"Aclytia_heber,I_PBA26024.jpg",I_PBA26024,Aclytia heber,,
"Rhabdatomis_laudamia,I_PBA26025.jpg",I_PBA26025,Rhabdatomis laudamia,,
"insect,I_PBA26026.jpg",I_PBA26026,insect,,
"insect,I_PBA26027.jpg",I_PBA26027,insect,,
"moth_Notodontidae,I_PBA26028.jpg",I_PBA26028,moth Notodontidae,,
"moth_Noctuidae,I_PBA26029.jpg",I_PBA26029,moth Noctuidae,,
"Rhabdatomis_laudamia,I_PBA26030.jpg",I_PBA26030,Rhabdatomis laudamia,,
"Glena_mopsaria,I_PBA26031.jpg",I_PBA26031,Glena mopsaria,,
"Hyponerita_tipolis,I_PBA26032.jpg",I_PBA26032,Hyponerita tipolis,,
"Crambidia_cephalica,_Yellow-headed_Lichen_Moth,I_PBA26033.jpg",I_PBA26033,Crambidia cephalica,Yellow-headed Lichen Moth,
"Dycladia_emerita,I_PBA26034.jpg",I_PBA26034,Dycladia emerita,,
"moth_Notodontidae,I_PBA26035.jpg",I_PBA26035,moth Notodontidae,,
"Hymenia_perspectalis,_Spotted_Beet_Webworm_Moth,I_PBA26036.jpg",I_PBA26036,Hymenia perspectalis,Spotted Beet Webworm Moth,
"moth_Notodontidae,I_PBA26037.jpg",I_PBA26037,moth Notodontidae,,
"Melese_monima,I_PBA26038.jpg",I_PBA26038,Melese monima,,
"moth,I_PBA26039.jpg",I_PBA26039,moth,,
"Crambidia_cephalica,_Yellow-headed_Lichen_Moth,I_PBA26040.jpg",I_PBA26040,Crambidia cephalica,Yellow-headed Lichen Moth,
"insect,I_PBA26041.jpg",I_PBA26041,insect,,
"Lophosis_labeculata,_Stained_Lophosis_Moth,I_PBA26042.jpg",I_PBA26042,Lophosis labeculata,Stained Lophosis Moth,
"Aclytia_heber,I_PBA26043.jpg",I_PBA26043,Aclytia heber,,
"Crambidia_cephalica,_Yellow-headed_Lichen_Moth,I_PBA26044.jpg",I_PBA26044,Crambidia cephalica,Yellow-headed Lichen Moth,
"moth_todo,I_PBA26045.jpg",I_PBA26045,moth todo,,
"moth,I_PBA26046.jpg",I_PBA26046,moth,,
"Aclytia_heber,I_PBA26047.jpg",I_PBA26047,Aclytia heber,,
"Episcepsis_thetis,I_PBA26048.jpg",I_PBA26048,Episcepsis thetis,,
"moth,I_PBA26049.jpg",I_PBA26049,moth,,
"moth_Noctuidae,I_PBA26050.jpg",I_PBA26050,moth Noctuidae,,
"moth_Pyralidae,I_PBA26051.jpg",I_PBA26051,moth Pyralidae,,
"moth,I_PBA26052.jpg",I_PBA26052,moth,,
"Hypercompe_icasia,I_PBA26053.jpg",I_PBA26053,Hypercompe icasia,,
"moth,I_PBA26054.jpg",I_PBA26054,moth,,
"moth,I_PBA26055.jpg",I_PBA26055,moth,,
"moth,I_PBA26056.jpg",I_PBA26056,moth,,
"Crambidia_cephalica,_Yellow-headed_Lichen_Moth,I_PBA26057.jpg",I_PBA26057,Crambidia cephalica,Yellow-headed Lichen Moth,
"Crambidia_cephalica,_Yellow-headed_Lichen_Moth,I_PBA26058.jpg",I_PBA26058,Crambidia cephalica,Yellow-headed Lichen Moth,
"Crambidia_cephalica,_Yellow-headed_Lichen_Moth,I_PBA26059.jpg",I_PBA26059,Crambidia cephalica,Yellow-headed Lichen Moth,
"Nephodia_auxesia,I_PBA26060.jpg",I_PBA26060,Nephodia auxesia,,
"Cell_phone,I_PBA26061.jpg",I_PBA26061,Cell phone,,
"light,I_PBA26062.jpg",I_PBA26062,light,,
"moth_Noctuidae,I_PBA26063.jpg",I_PBA26063,moth Noctuidae,,
"Crambidia_cephalica,_Yellow-headed_Lichen_Moth,I_PBA26064.jpg",I_PBA26064,Crambidia cephalica,Yellow-headed Lichen Moth,
"Melese_monima,I_PBA26065.jpg",I_PBA26065,Melese monima,,
"moth,I_PBA26066.jpg",I_PBA26066,moth,,
"moth_Pyralidae,I_PBA26067.jpg",I_PBA26067,moth Pyralidae,,
"Crambidia_myrlosea,I_PBA26068.jpg",I_PBA26068,Crambidia myrlosea,,
"moth_Crambidae,I_PBA26069.jpg",I_PBA26069,moth Crambidae,,
"Hampsonodes_melagona,I_PBA26070.jpg",I_PBA26070,Hampsonodes melagona,,
"moth_Noctuidae,I_PBA26071.jpg",I_PBA26071,moth Noctuidae,,
"moth_Geometridae,I_PBA26072.jpg",I_PBA26072,moth Geometridae,,
"Crambidia_cephalica,_Yellow-headed_Lichen_Moth,I_PBA26073.jpg",I_PBA26073,Crambidia cephalica,Yellow-headed Lichen Moth,
"moth_Noctuidae,I_PBA26074.jpg",I_PBA26074,moth Noctuidae,,
"moth_Pyralidae,I_PBA26075.jpg",I_PBA26075,moth Pyralidae,,
"moth_Arctiidae,I_PBA26076.jpg",I_PBA26076,moth Arctiidae,,
"moth_Crambidae,I_PBA26077.jpg",I_PBA26077,moth Crambidae,,
"Crambidia_cephalica,_Yellow-headed_Lichen_Moth,I_PBA26078.jpg",I_PBA26078,Crambidia cephalica,Yellow-headed Lichen Moth,
"moth_Geometridae,I_PBA26079.jpg",I_PBA26079,moth Geometridae,,
"Melese_monima,I_PBA26080.jpg",I_PBA26080,Melese monima,,
"Nephodia_auxesia,I_PBA26081.jpg",I_PBA26081,Nephodia auxesia,,
"Micrathetis_dasarada,I_PBA26082.jpg",I_PBA26082,Micrathetis dasarada,,
"Iridopsis_lurida--oberthuri--herse,I_PBA26083.jpg",I_PBA26083,Iridopsis lurida--oberthuri--herse,,
"insect,I_PBA26084.jpg",I_PBA26084,insect,,
"moth_Geometridae,I_PBA26085.jpg",I_PBA26085,moth Geometridae,,
"moth_Pyralidae,I_PBA26086.jpg",I_PBA26086,moth Pyralidae,,
"Elaphria_hyposcota,I_PBA26087.jpg",I_PBA26087,Elaphria hyposcota,,
"moth_Noctuidae,I_PBA26088.jpg",I_PBA26088,moth Noctuidae,,
"moth,I_PBA26089.jpg",I_PBA26089,moth,,
"moth,I_PBA26090.jpg",I_PBA26090,moth,,
"Glena_mopsaria,I_PBA26091.jpg",I_PBA26091,Glena mopsaria,,
"Euphyia_sp_group_san_luis,I_PBA26092.jpg",I_PBA26092,Euphyia sp_group_san_luis,,
"moth_Sphingidae,I_PBA26093.jpg",I_PBA26093,moth Sphingidae,,
"moth_Noctuidae,I_PBA26094.jpg",I_PBA26094,moth Noctuidae,,
"moth_Palthis,I_PBA26095.jpg",I_PBA26095,moth Palthis,,
"moth,I_PBA26096.jpg",I_PBA26096,moth,,
"moth_Notodontidae,I_PBA26097.jpg",I_PBA26097,moth Notodontidae,,
"Hymenia_perspectalis,_Spotted_Beet_Webworm_Moth,I_PBA26098.jpg",I_PBA26098,Hymenia perspectalis,Spotted Beet Webworm Moth,
"Glena_mopsaria,I_PBA26099.jpg",I_PBA26099,Glena mopsaria,,
"moth_Geometridae,I_PBA26100.jpg",I_PBA26100,moth Geometridae,,
"moth_Pyralidae,I_PBA26101.jpg",I_PBA26101,moth Pyralidae,,
"Glena_mopsaria,I_PBA26102.jpg",I_PBA26102,Glena mopsaria,,
"moth_Noctuidae,I_PBA26103.jpg",I_PBA26103,moth Noctuidae,,
"moth_Pyalidae,I_PBA26104.jpg",I_PBA26104,moth Pyalidae,,
"Crambidia_cephalica,_Yellow-headed_Lichen_Moth,I_PBA26105.jpg",I_PBA26105,Crambidia cephalica,Yellow-headed Lichen Moth,
"Rhabdatomis_laudamia,I_PBA26106.jpg",I_PBA26106,Rhabdatomis laudamia,,
"Lophosis_labeculata,_Stained_Lophosis_Moth,I_PBA26107.jpg",I_PBA26107,Lophosis labeculata,Stained Lophosis Moth,
"moth_Noctuidae,I_PBA26108.jpg",I_PBA26108,moth Noctuidae,,
"moth,I_PBA26109.jpg",I_PBA26109,moth,,
"Crambidia_cephalica,_Yellow-headed_Lichen_Moth,I_PBA26110.jpg",I_PBA26110,Crambidia cephalica,Yellow-headed Lichen Moth,
"Hypercompe_nemophila,I_PBA26111.jpg",I_PBA26111,Hypercompe nemophila,,
"Nematocampa_completa,I_PBA26112.jpg",I_PBA26112,Nematocampa completa,,
"Clemensia_leopardina,I_PBA26113.jpg",I_PBA26113,Clemensia leopardina,,
"moth_Crambidae,I_PBA26114.jpg",I_PBA26114,moth Crambidae,,
"moth,I_PBA26115.jpg",I_PBA26115,moth,,
"moth_Geometridae,I_PBA26116.jpg",I_PBA26116,moth Geometridae,,
"Crambidia_myrlosea,I_PBA26117.jpg",I_PBA26117,Crambidia myrlosea,,
"moth,I_PBA26118.jpg",I_PBA26118,moth,,
"moth_Noctuidae,I_PBA26119.jpg",I_PBA26119,moth Noctuidae,,
"insect,I_PBA26120.jpg",I_PBA26120,insect,,
"moth_Lascoria,I_PBA26121.jpg",I_PBA26121,moth Lascoria,,
"light,I_PBA26122.jpg",I_PBA26122,light,,
"moth_Crambidae,I_PBA26123.jpg",I_PBA26123,moth Crambidae,,
"Ramphia_albizona,I_PBA26124.jpg",I_PBA26124,Ramphia albizona,,
"moth_Herbita,I_PBA26125.jpg",I_PBA26125,moth Herbita,,
"moth,I_PBA26126.jpg",I_PBA26126,moth,,
"moth,I_PBA26127.jpg",I_PBA26127,moth,,
"Patalene_aenetusaria,I_PBA26128.jpg",I_PBA26128,Patalene aenetusaria,,
"Nephodia_auxesia,I_PBA26129.jpg",I_PBA26129,Nephodia auxesia,,
"Synnomos_sp_san_luis_a,I_PBA26130.jpg",I_PBA26130,Synnomos sp_san_luis_a,,
"moth_Pyralidae,I_PBA26131.jpg",I_PBA26131,moth Pyralidae,,
"moth_Noctuidae,I_PBA26132.jpg",I_PBA26132,moth Noctuidae,,
"Nola_sp_san_luis_a,I_PBA26133.jpg",I_PBA26133,Nola sp_san_luis_a,,
"moth_Hemiceras,I_PBA26134.jpg",I_PBA26134,moth Hemiceras,,
"moth,I_PBA26135.jpg",I_PBA26135,moth,,
"Lobocleta_tenellata,I_PBA26136.jpg",I_PBA26136,Lobocleta tenellata,,
"Nephodia_auxesia,I_PBA26137.jpg",I_PBA26137,Nephodia auxesia,,
"moth_Pyralidae,I_PBA26138.jpg",I_PBA26138,moth Pyralidae,,
"moth_Noctuidae,I_PBA26139.jpg",I_PBA26139,moth Noctuidae,,
"Crambidia_cephalica,_Yellow-headed_Lichen_Moth,I_PBA26140.jpg",I_PBA26140,Crambidia cephalica,Yellow-headed Lichen Moth,
"moth_Crambidae,I_PBA26141.jpg",I_PBA26141,moth Crambidae,,
"insect,I_PBA26142.jpg",I_PBA26142,insect,,
"moth,I_PBA26143.jpg",I_PBA26143,moth,,
"Crambidia_cephalica,_Yellow-headed_Lichen_Moth,I_PBA26144.jpg",I_PBA26144,Crambidia cephalica,Yellow-headed Lichen Moth,
"moth_Pyralidae,I_PBA26145.jpg",I_PBA26145,moth Pyralidae,,
"moth_Pyralidae,I_PBA26146.jpg",I_PBA26146,moth Pyralidae,,
"moth_Noctuidae,I_PBA26147.jpg",I_PBA26147,moth Noctuidae,,
"moth_Noctuidae,I_PBA26148.jpg",I_PBA26148,moth Noctuidae,,
"Crambidia_cephalica,_Yellow-headed_Lichen_Moth,I_PBA26149.jpg",I_PBA26149,Crambidia cephalica,Yellow-headed Lichen Moth,
"Trygodes_amphion,I_PBA26150.jpg",I_PBA26150,Trygodes amphion,,
"Idaea_sp_group_san_luis,I_PBA26151.jpg",I_PBA26151,Idaea sp_group_san_luis,,
"moth_Geometridae,I_PBA26152.jpg",I_PBA26152,moth Geometridae,,
"Lobocleta_tenellata,I_PBA26153.jpg",I_PBA26153,Lobocleta tenellata,,
"Afrida_ydatodes,_Dyars_Lichen_Moth,I_PBA26154.jpg",I_PBA26154,Afrida ydatodes,Dyars Lichen Moth,
"moth_Crambidae,I_PBA26155.jpg",I_PBA26155,moth Crambidae,,
"insect,I_PBA26156.jpg",I_PBA26156,insect,,
"moth_Pyralidae,I_PBA26157.jpg",I_PBA26157,moth Pyralidae,,
"moth,I_PBA26158.jpg",I_PBA26158,moth,,
"Oospila_venezuelata,I_PBA26159.jpg",I_PBA26159,Oospila venezuelata,,
"Iridopsis_lurida--oberthuri--herse,I_PBA26160.jpg",I_PBA26160,Iridopsis lurida--oberthuri--herse,,
"Macaria_approximaria--gambarina--ostia,I_PBA26161.jpg",I_PBA26161,Macaria approximaria--gambarina--ostia,,
"Crambidia_cephalica,_Yellow-headed_Lichen_Moth,I_PBA26162.jpg",I_PBA26162,Crambidia cephalica,Yellow-headed Lichen Moth,
"Idaea_subfervens,I_PBA26164.jpg",I_PBA26164,Idaea subfervens,,
"Nola_sp_san_luis_a,I_PBA26165.jpg",I_PBA26165,Nola sp_san_luis_a,,
"moth_Notodontidae,I_PBA26166.jpg",I_PBA26166,moth Notodontidae,,
"Macaria_approximaria--gambarina--ostia,I_PBA26167.jpg",I_PBA26167,Macaria approximaria--gambarina--ostia,,
"moth_Noctuidae,I_PBA26168.jpg",I_PBA26168,moth Noctuidae,,
"Synnomos_sp_san_luis_a,I_PBA26169.jpg",I_PBA26169,Synnomos sp_san_luis_a,,
"Nephodia_auxesia,I_PBA26170.jpg",I_PBA26170,Nephodia auxesia,,
"Crambidia_cephalica,_Yellow-headed_Lichen_Moth,I_PBA26171.jpg",I_PBA26171,Crambidia cephalica,Yellow-headed Lichen Moth,
"Nephodia_auxesia,I_PBA26172.jpg",I_PBA26172,Nephodia auxesia,,
"Crambidia_cephalica,_Yellow-headed_Lichen_Moth,I_PBA26173.jpg",I_PBA26173,Crambidia cephalica,Yellow-headed Lichen Moth,
"moth_Crambidae,I_PBA26174.jpg",I_PBA26174,moth Crambidae,,
"moth_Noctuidae,I_PBA26175.jpg",I_PBA26175,moth Noctuidae,,
"moth_Notodontidae,I_PBA26176.jpg",I_PBA26176,moth Notodontidae,,
"moth_Noctuidae,I_PBA26177.jpg",I_PBA26177,moth Noctuidae,,
"Nemoria_eugeniae,I_PBA26178.jpg",I_PBA26178,Nemoria eugeniae,,
"Lomographa_argentata,I_PBA26179.jpg",I_PBA26179,Lomographa argentata,,
"Procalypta_victorina,I_PBA26180.jpg",I_PBA26180,Procalypta victorina,,
"moth_Noctuidae,I_PBA26181.jpg",I_PBA26181,moth Noctuidae,,
"moth_emerald,I_PBA26182.jpg",I_PBA26182,moth emerald,,
"moth_Crambidae,I_PBA26183.jpg",I_PBA26183,moth Crambidae,,
"Nematocampa_completa,I_PBA26184.jpg",I_PBA26184,Nematocampa completa,,
"Iridopsis_lurida--oberthuri--herse,I_PBA26185.jpg",I_PBA26185,Iridopsis lurida--oberthuri--herse,,
"Nematocampa_completa,I_PBA26186.jpg",I_PBA26186,Nematocampa completa,,
"Iridopsis_lurida--oberthuri--herse,I_PBA26187.jpg",I_PBA26187,Iridopsis lurida--oberthuri--herse,,
"moth_Noctuidae,I_PBA26188.jpg",I_PBA26188,moth Noctuidae,,
"Nemoria_vermiculata,I_PBA26189.jpg",I_PBA26189,Nemoria vermiculata,,
"moth_Pyralidae,I_PBA26190.jpg",I_PBA26190,moth Pyralidae,,
"Lobocleta_tenellata,I_PBA26191.jpg",I_PBA26191,Lobocleta tenellata,,
"Nematocampa_arenosa,I_PBA26192.jpg",I_PBA26192,Nematocampa arenosa,,
"Itomia_opistographa--lignaris,I_PBA26193.jpg",I_PBA26193,Itomia opistographa--lignaris,,
"moth_new_species,I_PBA26194.jpg",I_PBA26194,moth new species,,
"moth_emerald,I_PBA26195.jpg",I_PBA26195,moth emerald,,
"Macaria_approximaria--gambarina--ostia,I_PBA26196.jpg",I_PBA26196,Macaria approximaria--gambarina--ostia,,
"insect,I_PBA26197.jpg",I_PBA26197,insect,,
"Eucereon_xanthoperas,I_PBA26198.jpg",I_PBA26198,Eucereon xanthoperas,,
"Clemensia_leopardina,I_PBA26199.jpg",I_PBA26199,Clemensia leopardina,,
"moth_Crambidae,I_PBA26200.jpg",I_PBA26200,moth Crambidae,,
"moth_new_species,I_PBA26201.jpg",I_PBA26201,moth new species,,
"Cell_phone,I_PBA26202.jpg",I_PBA26202,Cell phone,,
"light,I_PBA26203.jpg",I_PBA26203,light,,
"Trygodes_amphion,I_PBA26204.jpg",I_PBA26204,Trygodes amphion,,
"Iridopsis_lurida--oberthuri--herse,I_PBA26205.jpg",I_PBA26205,Iridopsis lurida--oberthuri--herse,,
"moth_Pyralidae,I_PBA26206.jpg",I_PBA26206,moth Pyralidae,,
"moth_Noctuidae,I_PBA26207.jpg",I_PBA26207,moth Noctuidae,,
"Rhabdatomis_laudamia,I_PBA26208.jpg",I_PBA26208,Rhabdatomis laudamia,,
"Nephodia_auxesia,I_PBA26209.jpg",I_PBA26209,Nephodia auxesia,,
"Metanema_bonadea,I_PBA26210.jpg",I_PBA26210,Metanema bonadea,,
"moth_Crambidae,I_PBA26211.jpg",I_PBA26211,moth Crambidae,,
"Rhabdatomis_laudamia,I_PBA26212.jpg",I_PBA26212,Rhabdatomis laudamia,,
"moth_Noctuidae,I_PBA26213.jpg",I_PBA26213,moth Noctuidae,,
"Euphyia_sp_group_san_luis,I_PBA26214.jpg",I_PBA26214,Euphyia sp_group_san_luis,,
"moth,I_PBA26215.jpg",I_PBA26215,moth,,
"moth_Geometridae,I_PBA26216.jpg",I_PBA26216,moth Geometridae,,
"moth_Notodontidae,I_PBA26217.jpg",I_PBA26217,moth Notodontidae,,
"moth_Geometridae,I_PBA26218.jpg",I_PBA26218,moth Geometridae,,
"Rhabdatomis_laudamia,I_PBA26219.jpg",I_PBA26219,Rhabdatomis laudamia,,
"Gn_sp_san_luis_1003,I_PBA26220.jpg",I_PBA26220,Gn sp_san_luis_1003,,
"Hymenia_perspectalis,_Spotted_Beet_Webworm_Moth,I_PBA26221.jpg",I_PBA26221,Hymenia perspectalis,Spotted Beet Webworm Moth,
"Lobocleta_tenellata,I_PBA26222.jpg",I_PBA26222,Lobocleta tenellata,,
"Nephodia_auxesia,I_PBA26223.jpg",I_PBA26223,Nephodia auxesia,,
"moth_Notodontidae,I_PBA26224.jpg",I_PBA26224,moth Notodontidae,,
"moth_Geometridae,I_PBA26225.jpg",I_PBA26225,moth Geometridae,,
"Thysanoprymna_superba,I_PBA26226.jpg",I_PBA26226,Thysanoprymna superba,,
"moth,I_PBA26227.jpg",I_PBA26227,moth,,
"moth_Pyralidae,I_PBA26228.jpg",I_PBA26228,moth Pyralidae,,
"moth_Arctiidae,I_PBA26229.jpg",I_PBA26229,moth Arctiidae,,
"Rhabdatomis_laudamia,I_PBA26230.jpg",I_PBA26230,Rhabdatomis laudamia,,
"Nematocampa_completa,I_PBA26231.jpg",I_PBA26231,Nematocampa completa,,
"moth_Geometridae,I_PBA26232.jpg",I_PBA26232,moth Geometridae,,
"Nematocampa_arenosa,I_PBA26233.jpg",I_PBA26233,Nematocampa arenosa,,
"moth_Noctuidae,I_PBA26234.jpg",I_PBA26234,moth Noctuidae,,
"Elaphria_hyposcota,I_PBA26235.jpg",I_PBA26235,Elaphria hyposcota,,
"Leptostales_crossii,I_PBA26236.jpg",I_PBA26236,Leptostales crossii,,
"Synchlora_astraeoides,I_PBA26237.jpg",I_PBA26237,Synchlora astraeoides,,
"moth_Crambidae,I_PBA26238.jpg",I_PBA26238,moth Crambidae,,
"Rhabdatomis_laudamia,I_PBA26239.jpg",I_PBA26239,Rhabdatomis laudamia,,
"Thysanopyga_carfinia,I_PBA26240.jpg",I_PBA26240,Thysanopyga carfinia,,
"moth_Notodontidae,I_PBA26241.jpg",I_PBA26241,moth Notodontidae,,
"moth_Geometridae,I_PBA26242.jpg",I_PBA26242,moth Geometridae,,
"Nematocampa_completa,I_PBA26243.jpg",I_PBA26243,Nematocampa completa,,
"Macaria_tenuiscripta--trigonata,I_PBA26244.jpg",I_PBA26244,Macaria tenuiscripta--trigonata,,
"Trygodes_amphion,I_PBA26245.jpg",I_PBA26245,Trygodes amphion,,
"Antiblemma_concinnula,I_PBA26246.jpg",I_PBA26246,Antiblemma concinnula,,
"Nephodia_auxesia,I_PBA26247.jpg",I_PBA26247,Nephodia auxesia,,
"Crambidia_cephalica,_Yellow-headed_Lichen_Moth,I_PBA26248.jpg",I_PBA26248,Crambidia cephalica,Yellow-headed Lichen Moth,
"Rhabdatomis_laudamia,I_PBA26249.jpg",I_PBA26249,Rhabdatomis laudamia,,
"Nematocampa_completa,I_PBA26250.jpg",I_PBA26250,Nematocampa completa,,
"insect,I_PBA26251.jpg",I_PBA26251,insect,,
"Afrida_ydatodes,_Dyars_Lichen_Moth,I_PBA26252.jpg",I_PBA26252,Afrida ydatodes,Dyars Lichen Moth,
"Rhabdatomis_laudamia,I_PBA26253.jpg",I_PBA26253,Rhabdatomis laudamia,,
"Glena_mopsaria,I_PBA26254.jpg",I_PBA26254,Glena mopsaria,,
"Semaeopus_viridiplaga,I_PBA26255.jpg",I_PBA26255,Semaeopus viridiplaga,,
"Macaria_approximaria--gambarina--ostia,I_PBA26256.jpg",I_PBA26256,Macaria approximaria--gambarina--ostia,,
"Dichorda_obliquata,I_PBA26257.jpg",I_PBA26257,Dichorda obliquata,,
"moth_Noctuidae,I_PBA26258.jpg",I_PBA26258,moth Noctuidae,,
"moth,I_PBA26259.jpg",I_PBA26259,moth,,
"moth_Notodontidae,I_PBA26260.jpg",I_PBA26260,moth Notodontidae,,
"Leptostales_crossii,I_PBA26261.jpg",I_PBA26261,Leptostales crossii,,
"Nematocampa_completa,I_PBA26262.jpg",I_PBA26262,Nematocampa completa,,
"moth_Crambidae,I_PBA26263.jpg",I_PBA26263,moth Crambidae,,
"Lobocleta_tenellata,I_PBA26264.jpg",I_PBA26264,Lobocleta tenellata,,
"Neotherina_imperilla,I_PBA26265.jpg",I_PBA26265,Neotherina imperilla,,
"moth_Noctuidae,I_PBA26266.jpg",I_PBA26266,moth Noctuidae,,
"moth_Notodontidae,I_PBA26267.jpg",I_PBA26267,moth Notodontidae,,
"Gn_sp_san_luis_1011,I_PBA26268.jpg",I_PBA26268,Gn sp_san_luis_1011,,
"Iridopsis_lurida--oberthuri--herse,I_PBA26269.jpg",I_PBA26269,Iridopsis lurida--oberthuri--herse,,
"Metanema_bonadea,I_PBA26270.jpg",I_PBA26270,Metanema bonadea,,
"moth_Geometridae,I_PBA26271.jpg",I_PBA26271,moth Geometridae,,
"Elaphria_hyposcota,I_PBA26272.jpg",I_PBA26272,Elaphria hyposcota,,
"moth_Crambidae,I_PBA26273.jpg",I_PBA26273,moth Crambidae,,
"moth_Crambidae,I_PBA26274.jpg",I_PBA26274,moth Crambidae,,
"Nephodia_auxesia,I_PBA26275.jpg",I_PBA26275,Nephodia auxesia,,
"moth_Noctuidae,I_PBA26276.jpg",I_PBA26276,moth Noctuidae,,
"moth_Geometridae,I_PBA26277.jpg",I_PBA26277,moth Geometridae,,
"Nephodia_auxesia,I_PBA26278.jpg",I_PBA26278,Nephodia auxesia,,
"Nematocampa_completa,I_PBA26279.jpg",I_PBA26279,Nematocampa completa,,
"Meganola_sp_san_luis_b,I_PBA26280.jpg",I_PBA26280,Meganola sp_san_luis_b,,
"Xenosoma_flavicedes,I_PBA26281.jpg",I_PBA26281,Xenosoma flavicedes,,
"Clemensia_leopardina,I_PBA26282.jpg",I_PBA26282,Clemensia leopardina,,
"moth_Hydata,I_PBA26283.jpg",I_PBA26283,moth Hydata,,
"Nephodia_auxesia,I_PBA26284.jpg",I_PBA26284,Nephodia auxesia,,
"Macaria_approximaria--gambarina--ostia,I_PBA26285.jpg",I_PBA26285,Macaria approximaria--gambarina--ostia,,
"Macaria_sp_san_luis_a,I_PBA26286.jpg",I_PBA26286,Macaria sp_san_luis_a,,
"Hymenia_perspectalis,_Spotted_Beet_Webworm_Moth,I_PBA26287.jpg",I_PBA26287,Hymenia perspectalis,Spotted Beet Webworm Moth,
"moth_Pyralidae,I_PBA26288.jpg",I_PBA26288,moth Pyralidae,,
"Eucereon_xanthoperas,I_PBA26289.jpg",I_PBA26289,Eucereon xanthoperas,,
"moth,I_PBA26290.jpg",I_PBA26290,moth,,
"insect,I_PBA26291.jpg",I_PBA26291,insect,,
"light,I_PBA26292.jpg",I_PBA26292,light,,
"Crambidia_cephalica,_Yellow-headed_Lichen_Moth,I_PBA26293.jpg",I_PBA26293,Crambidia cephalica,Yellow-headed Lichen Moth,
"Simena_luctifera,I_PBA26294.jpg",I_PBA26294,Simena luctifera,,
"Dycladia_emerita,I_PBA26295.jpg",I_PBA26295,Dycladia emerita,,
"moth_Noctuidae,I_PBA26296.jpg",I_PBA26296,moth Noctuidae,,
"Crambidia_cephalica,_Yellow-headed_Lichen_Moth,I_PBA26297.jpg",I_PBA26297,Crambidia cephalica,Yellow-headed Lichen Moth,
"moth_Geometridae,I_PBA26298.jpg",I_PBA26298,moth Geometridae,,
"moth_Arctiidae,I_PBA26299.jpg",I_PBA26299,moth Arctiidae,,
"insect,I_PBA26300.jpg",I_PBA26300,insect,,
"Crambidia_myrlosea,I_PBA26301.jpg",I_PBA26301,Crambidia myrlosea,,
"Nematocampa_completa,I_PBA26302.jpg",I_PBA26302,Nematocampa completa,,
"moth_Pyralidae,I_PBA26303.jpg",I_PBA26303,moth Pyralidae,,
"Crambidia_myrlosea,I_PBA26304.jpg",I_PBA26304,Crambidia myrlosea,,
"Crambidia_myrlosea,I_PBA26305.jpg",I_PBA26305,Crambidia myrlosea,,
"Eubaphe_unicolor,I_PBA26306.jpg",I_PBA26306,Eubaphe unicolor,,
"moth_Pyralidae,I_PBA26307.jpg",I_PBA26307,moth Pyralidae,,
"Rhabdatomis_laudamia,I_PBA26308.jpg",I_PBA26308,Rhabdatomis laudamia,,
"Herbita_amicaria,I_PBA26309.jpg",I_PBA26309,Herbita amicaria,,
"Leptostales_crossii,I_PBA26310.jpg",I_PBA26310,Leptostales crossii,,
"moth,I_PBA26311.jpg",I_PBA26311,moth,,
"moth_Crambidae,I_PBA26312.jpg",I_PBA26312,moth Crambidae,,
"moth_plume,I_PBA26313.jpg",I_PBA26313,moth plume,,
"moth_Pyralidae,I_PBA26314.jpg",I_PBA26314,moth Pyralidae,,
"Leptostales_crossii,I_PBA26315.jpg",I_PBA26315,Leptostales crossii,,
"Elaphria_subobliqua,I_PBA26316.jpg",I_PBA26316,Elaphria subobliqua,,
"Crambidia_cephalica,_Yellow-headed_Lichen_Moth,I_PBA26317.jpg",I_PBA26317,Crambidia cephalica,Yellow-headed Lichen Moth,
"Glena_mopsaria,I_PBA26318.jpg",I_PBA26318,Glena mopsaria,,
"Crambidia_cephalica,_Yellow-headed_Lichen_Moth,I_PBA26319.jpg",I_PBA26319,Crambidia cephalica,Yellow-headed Lichen Moth,
"moth,I_PBA26320.jpg",I_PBA26320,moth,,
"moth_Notodontidae,I_PBA26321.jpg",I_PBA26321,moth Notodontidae,,
"moth_Pyralidae,I_PBA26322.jpg",I_PBA26322,moth Pyralidae,,
"moth_Notodontidae,I_PBA26323.jpg",I_PBA26323,moth Notodontidae,,
"Crambidia_cephalica,_Yellow-headed_Lichen_Moth,I_PBA26324.jpg",I_PBA26324,Crambidia cephalica,Yellow-headed Lichen Moth,
"moth,I_PBA26325.jpg",I_PBA26325,moth,,
"moth_Crambidae,I_PBA26326.jpg",I_PBA26326,moth Crambidae,,
"Clemensia_leopardina,I_PBA26327.jpg",I_PBA26327,Clemensia leopardina,,
"Crambidia_cephalica,_Yellow-headed_Lichen_Moth,I_PBA26328.jpg",I_PBA26328,Crambidia cephalica,Yellow-headed Lichen Moth,
"moth,I_PBA26329.jpg",I_PBA26329,moth,,
"moth_Noctuidae,I_PBA26330.jpg",I_PBA26330,moth Noctuidae,,
"Melese_monima,I_PBA26331.jpg",I_PBA26331,Melese monima,,
"Crambidia_cephalica,_Yellow-headed_Lichen_Moth,I_PBA26332.jpg",I_PBA26332,Crambidia cephalica,Yellow-headed Lichen Moth,
"Glena_mopsaria,I_PBA26333.jpg",I_PBA26333,Glena mopsaria,,
"moth_emerald,I_PBA26334.jpg",I_PBA26334,moth emerald,,
"insect,I_PBA26335.jpg",I_PBA26335,insect,,
"Cell_phone,I_PBA26336.jpg",I_PBA26336,Cell phone,,
"light,I_PBA26337.jpg",I_PBA26337,light,,
"moth_Geometridae,I_PBA26338.jpg",I_PBA26338,moth Geometridae,,
"Nematocampa_arenosa,I_PBA26339.jpg",I_PBA26339,Nematocampa arenosa,,
"moth_Sphingidae,I_PBA26340.jpg",I_PBA26340,moth Sphingidae,,
"moth_Sphingidae,I_PBA26341.jpg",I_PBA26341,moth Sphingidae,,
"moth,I_PBA26342.jpg",I_PBA26342,moth,,
"Crambidia_cephalica,_Yellow-headed_Lichen_Moth,I_PBA26343.jpg",I_PBA26343,Crambidia cephalica,Yellow-headed Lichen Moth,
"Aclytia_heber,I_PBA26344.jpg",I_PBA26344,Aclytia heber,,
"moth,I_PBA26345.jpg",I_PBA26345,moth,,
"moth,I_PBA26346.jpg",I_PBA26346,moth,,
"Opharus_bimaculata,I_PBA26347.jpg",I_PBA26347,Opharus bimaculata,,
"moth_Crambidae,I_PBA26348.jpg",I_PBA26348,moth Crambidae,,
"insect,I_PBA26349.jpg",I_PBA26349,insect,,
"moth_Arctiidae,I_PBA26350.jpg",I_PBA26350,moth Arctiidae,,
"Lomographa_argentata,I_PBA26351.jpg",I_PBA26351,Lomographa argentata,,
"Rhabdatomis_laudamia,I_PBA26352.jpg",I_PBA26352,Rhabdatomis laudamia,,
"moth,I_PBA26353.jpg",I_PBA26353,moth,,
"moth_new_species,_moth_Estigmene,I_PBA26354.jpg",I_PBA26354,moth new species,moth Estigmene,
"moth_new_species,_moth_Estigmene,I_PBA26355.jpg",I_PBA26355,moth new species,moth Estigmene,
"insect,I_PBA26356.jpg",I_PBA26356,insect,,
"Idaea_sp_group_san_luis,I_PBA26357.jpg",I_PBA26357,Idaea sp_group_san_luis,,
"moth_Geometridae,I_PBA26358.jpg",I_PBA26358,moth Geometridae,,
"moth_Pyralidae,I_PBA26359.jpg",I_PBA26359,moth Pyralidae,,
"moth_Crambidae,I_PBA26360.jpg",I_PBA26360,moth Crambidae,,
"moth_Noctuidae,I_PBA26361.jpg",I_PBA26361,moth Noctuidae,,
"moth_Noctuidae,I_PBA26362.jpg",I_PBA26362,moth Noctuidae,,
"moth,I_PBA26363.jpg",I_PBA26363,moth,,
"insect,I_PBA26364.jpg",I_PBA26364,insect,,
"insect,I_PBA26365.jpg",I_PBA26365,insect,,
"Leptostales_crossii,I_PBA26366.jpg",I_PBA26366,Leptostales crossii,,
"moth,I_PBA26367.jpg",I_PBA26367,moth,,
"moth_Pyralidae,I_PBA26368.jpg",I_PBA26368,moth Pyralidae,,
"moth_Noctuidae,I_PBA26369.jpg",I_PBA26369,moth Noctuidae,,
"moth,I_PBA26370.jpg",I_PBA26370,moth,,
"moth_Hemiceras,I_PBA26371.jpg",I_PBA26371,moth Hemiceras,,
"moth_new_species,I_PBA26372.jpg",I_PBA26372,moth new species,,
"moth_Pyralidae,I_PBA26373.jpg",I_PBA26373,moth Pyralidae,,
"Lophosis_labeculata,_Stained_Lophosis_Moth,I_PBA26374.jpg",I_PBA26374,Lophosis labeculata,Stained Lophosis Moth,
"moth,I_PBA26375.jpg",I_PBA26375,moth,,
"moth,I_PBA26376.jpg",I_PBA26376,moth,,
"moth,I_PBA26377.jpg",I_PBA26377,moth,,
"Hymenia_perspectalis,_Spotted_Beet_Webworm_Moth,I_PBA26378.jpg",I_PBA26378,Hymenia perspectalis,Spotted Beet Webworm Moth,
"moth_Sphingidae,I_PBA26379.jpg",I_PBA26379,moth Sphingidae,,
"moth,I_PBA26380.jpg",I_PBA26380,moth,,
"Macaria_approximaria--gambarina--ostia,I_PBA26381.jpg",I_PBA26381,Macaria approximaria--gambarina--ostia,,
"Crambidia_cephalica,_Yellow-headed_Lichen_Moth,I_PBA26382.jpg",I_PBA26382,Crambidia cephalica,Yellow-headed Lichen Moth,
"moth,I_PBA26383.jpg",I_PBA26383,moth,,
"moth_Noctuidae,I_PBA26384.jpg",I_PBA26384,moth Noctuidae,,
"Crambidia_cephalica,_Yellow-headed_Lichen_Moth,I_PBA26385.jpg",I_PBA26385,Crambidia cephalica,Yellow-headed Lichen Moth,
"moth,I_PBA26386.jpg",I_PBA26386,moth,,
"Crambidia_cephalica,_Yellow-headed_Lichen_Moth,I_PBA26387.jpg",I_PBA26387,Crambidia cephalica,Yellow-headed Lichen Moth,
"Lophosis_labeculata,_Stained_Lophosis_Moth,I_PBA26388.jpg",I_PBA26388,Lophosis labeculata,Stained Lophosis Moth,
"Crambidia_cephalica,_Yellow-headed_Lichen_Moth,I_PBA26389.jpg",I_PBA26389,Crambidia cephalica,Yellow-headed Lichen Moth,
"Hyalurga_sora,I_PBA26390.jpg",I_PBA26390,Hyalurga sora,,
"Hymenia_perspectalis,_Spotted_Beet_Webworm_Moth,I_PBA26391.jpg",I_PBA26391,Hymenia perspectalis,Spotted Beet Webworm Moth,
"Crambidia_cephalica,_Yellow-headed_Lichen_Moth,I_PBA26392.jpg",I_PBA26392,Crambidia cephalica,Yellow-headed Lichen Moth,
"moth,I_PBA26393.jpg",I_PBA26393,moth,,
"moth,I_PBA26394.jpg",I_PBA26394,moth,,
"Lophosis_labeculata,_Stained_Lophosis_Moth,I_PBA26395.jpg",I_PBA26395,Lophosis labeculata,Stained Lophosis Moth,
"Leptostales_crossii,I_PBA26396.jpg",I_PBA26396,Leptostales crossii,,
"Crambidia_cephalica,_Yellow-headed_Lichen_Moth,I_PBA26397.jpg",I_PBA26397,Crambidia cephalica,Yellow-headed Lichen Moth,
"moth_Pyralidae,I_PBA26398.jpg",I_PBA26398,moth Pyralidae,,
"Micrathetis_dasarada,I_PBA26399.jpg",I_PBA26399,Micrathetis dasarada,,
